ID,Testamento,Libro,Referencia,Nivel,Pregunta,Opcion_A,Opcion_B,Opcion_C,Opcion_D,Opcion_correcta,Respuesta_correcta,Explicacion_breve,Estado_QA,Revision_humana,Activa_app
QB0001,AT,Génesis,Génesis 6:14,Basico,¿A quién se le indicó construir un arca?,A Noé,B Abraham,C Moisés,D David,A,Noé,Dios instruyó a Noé para construir un arca.,Revisar,No,No
QB0002,AT,Génesis,Génesis 7:12,Basico,¿Cuánto tiempo llovió durante el diluvio?,A 7 días,B 12 días,C 40 días y 40 noches,D 70 días,C,40 días y 40 noches,El relato indica que la lluvia duró cuarenta días y cuarenta noches.,Revisar,No,No
QB0003,AT,Génesis,Génesis 12:1,Intermedio,¿Qué instrucción recibió Abram al inicio de su llamado?,A Permanecer en Ur,B Salir de su tierra,C Viajar a Egipto,D Construir un templo,B,Salir de su tierra,Abram recibió el llamado de dejar su tierra y dirigirse al lugar que Dios le mostraría.,Revisar,No,No
QB0004,AT,Génesis,Génesis 22:2,Intermedio,¿A quién debía ofrecer Abraham según la prueba narrada?,A Isaac,B Ismael,C Lot,D Esaú,A,Isaac,La prueba de Abraham estuvo relacionada con su hijo Isaac.,Revisar,No,No
QB0005,AT,Génesis,Génesis 28:12,Basico,¿Qué vio Jacob en su sueño?,A Un arca,B Una escalera que llegaba al cielo,C Un templo,D Un río,B,Una escalera que llegaba al cielo,Jacob soñó con una escalera entre la tierra y el cielo.,Revisar,No,No
QB0006,AT,Génesis,Génesis 37:3,Basico,¿Qué regalo especial recibió José de su padre?,A Un anillo,B Una túnica especial,C Un bastón,D Un caballo,B,Una túnica especial,Jacob mostró especial afecto por José y le dio una túnica distintiva.,Revisar,No,No
QB0007,AT,Génesis,Génesis 41:30,Intermedio,¿Qué anunció José que seguiría a los años de abundancia en Egipto?,A Siete años de hambre,B Una guerra,C Una inundación,D Un éxodo,A,Siete años de hambre,José interpretó que después de siete años de abundancia vendrían siete años de hambre.,Revisar,No,No
QB0008,AT,Génesis,Génesis 45:4,Basico,¿A quiénes reveló José finalmente su identidad?,A A los egipcios,B A sus hermanos,C A los sacerdotes,D A los comerciantes,B,A sus hermanos,José se dio a conocer a sus hermanos después de probarlos.,Revisar,No,No
QB0009,AT,Génesis,Génesis 1:3,Basico,¿Qué fue creado cuando Dios dijo que hubiera luz?,A El firmamento,B La luz,C Los animales,D El ser humano,B,La luz,El relato de la creación presenta la aparición de la luz mediante la palabra divina.,Revisar,No,No
QB0010,AT,Génesis,Génesis 2:7,Basico,¿De qué formó Dios al ser humano según el relato?,A Del polvo de la tierra,B Del agua,C De una piedra,D Del fuego,A,Del polvo de la tierra,El relato describe la formación del ser humano a partir del polvo de la tierra.,Revisar,No,No
QB0011,AT,Génesis,Génesis 3:6,Intermedio,¿Qué hizo la mujer después de tomar del fruto?,A Lo guardó,B Comió y dio también a su marido,C Lo arrojó,D Lo llevó a Abel,B,Comió y dio también a su marido,El relato presenta que comió del fruto y luego dio también a su marido.,Revisar,No,No
QB0012,AT,Génesis,Génesis 4:8,Intermedio,¿Quién mató a Abel?,A Adán,B Caín,C Set,D Enoc,B,Caín,Caín atacó y mató a su hermano Abel.,Revisar,No,No
QB0013,AT,Génesis,Génesis 8:11,Intermedio,¿Qué trajo la paloma al regresar al arca?,A Una rama de olivo,B Una piedra,C Una espiga,D Un fruto,A,Una rama de olivo,La rama de olivo fue señal de que las aguas habían disminuido.,Revisar,No,No
QB0014,AT,Génesis,Génesis 9:13,Basico,¿Qué señal se relaciona con el pacto después del diluvio?,A Una estrella,B El arco en las nubes,C Una columna de fuego,D Una piedra,B,El arco en las nubes,El arco fue presentado como señal del pacto.,Revisar,No,No
QB0015,AT,Génesis,Génesis 11:4,Intermedio,¿Qué proyecto emprendieron los habitantes de Babel?,A Construir una ciudad y una torre,B Cavar un pozo,C Edificar un arca,D Levantar un altar,A,Construir una ciudad y una torre,El relato de Babel describe la construcción de una ciudad y una torre.,Revisar,No,No
QB0016,NT,1 Corintios,1 Corintios 13:13,Basico,¿Cuál de estas virtudes permanece junto con la fe y la esperanza?,A Amor (caridad),B Justicia,C Prudencia,D Templanza,A,Amor (caridad),El pasaje destaca la permanencia de la fe, la esperanza y el amor (caridad).,Revisar,No,No
QB0017,AT,Génesis,Génesis 13:11,Intermedio,¿Qué región escogió Lot cuando se separó de Abram?,A El valle del Jordán,B Canaán occidental,C Egipto,D Harán,A,El valle del Jordán,Lot eligió la zona bien regada del valle del Jordán.,Revisar,No,No
QB0018,AT,Génesis,Génesis 14:18,Avanzado,¿Quién salió al encuentro de Abram con pan y vino?,A Melquisedec,B Abimelec,C Labán,D Faraón,A,Melquisedec,Melquisedec aparece como rey de Salem y sacerdote.,Revisar,No,No
QB0019,AT,Génesis,Génesis 15:5,Intermedio,¿Con qué comparó Dios la futura descendencia de Abram?,A Con los granos de arena únicamente,B Con las estrellas del cielo,C Con las montañas,D Con los ríos,B,Con las estrellas del cielo,Dios invitó a Abram a mirar las estrellas como imagen de su descendencia.,Revisar,No,No
QB0020,AT,Génesis,Génesis 16:15,Basico,¿Cómo se llamó el hijo de Agar y Abram?,A Isaac,B Ismael,C Esaú,D Jacob,B,Ismael,Agar dio a luz a Ismael.,Revisar,No,No
QB0021,AT,Génesis,Génesis 17:5,Intermedio,¿Qué nuevo nombre recibió Abram?,A Israel,B Abraham,C Isaac,D Judá,B,Abraham,El cambio de nombre acompañó la renovación del pacto.,Revisar,No,No
QB0022,AT,Génesis,Génesis 18:2,Intermedio,¿Cuántos visitantes vio Abraham junto a su tienda?,A Dos,B Tres,C Cuatro,D Siete,B,Tres,El relato menciona tres hombres que llegaron junto a Abraham.,Revisar,No,No
QB0023,AT,Génesis,Génesis 19:26,Basico,¿Qué ocurrió con la esposa de Lot al mirar atrás?,A Se perdió en el desierto,B Se convirtió en estatua de sal,C Regresó a Sodoma,D Cayó dormida,B,Se convirtió en estatua de sal,El relato presenta esa consecuencia al mirar atrás.,Revisar,No,No
QB0024,AT,Génesis,Génesis 21:3,Basico,¿Cómo llamó Abraham al hijo que Sara le dio?,A Ismael,B Isaac,C Jacob,D Esaú,B,Isaac,Abraham puso por nombre Isaac al hijo nacido de Sara.,Revisar,No,No
QB0025,AT,Génesis,Génesis 24:67,Intermedio,¿Con quién se casó Isaac?,A Raquel,B Rebeca,C Lea,D Agar,B,Rebeca,Rebeca llegó a ser esposa de Isaac.,Revisar,No,No
QB0026,AT,Génesis,Génesis 25:26,Intermedio,¿Qué nombre recibió el hijo que nació después de Esaú?,A José,B Jacob,C Benjamín,D Judá,B,Jacob,Jacob nació después de Esaú.,Revisar,No,No
QB0027,AT,Génesis,Génesis 27:35,Avanzado,¿Qué había hecho Jacob antes de que Esaú llegara a recibir la bendición?,A Había partido a Egipto,B Había obtenido la bendición mediante engaño,C Había vendido su herencia,D Había construido un altar,B,Había obtenido la bendición mediante engaño,Jacob recibió la bendición destinada a Esaú antes de que este regresara.,Revisar,No,No
QB0028,AT,Génesis,Génesis 29:23,Intermedio,¿A quién dio Labán primero como esposa a Jacob?,A Raquel,B Lea,C Bilhá,D Zilpá,B,Lea,Labán entregó primero a Lea.,Revisar,No,No
QB0029,AT,Génesis,Génesis 30:24,Basico,¿Qué nombre puso Raquel al hijo que tuvo después de años de espera?,A José,B Judá,C Leví,D Rubén,A,José,Raquel llamó José a su hijo.,Revisar,No,No
QB0030,AT,Génesis,Génesis 31:18,Intermedio,¿Hacia dónde emprendió Jacob el viaje al salir de casa de Labán?,A Egipto,B Canaán,C Moab,D Edom,B,Canaán,Jacob regresó hacia la tierra de Canaán.,Revisar,No,No
QB0031,AT,Génesis,Génesis 32:28,Avanzado,¿Qué nuevo nombre recibió Jacob después de luchar?,A Israel,B Judá,C Efraín,D Benjamín,A,Israel,Jacob recibió el nombre Israel.,Revisar,No,No
QB0032,AT,Génesis,Génesis 33:4,Basico,¿Cómo reaccionó Esaú al encontrarse con Jacob?,A Lo atacó,B Lo abrazó,C Lo rechazó,D Huyó,B,Lo abrazó,El encuentro terminó con un abrazo y reconciliación.,Revisar,No,No
QB0033,AT,Génesis,Génesis 35:18,Intermedio,¿Qué nombre puso Jacob al hijo que Raquel llamó Benoni?,A José,B Benjamín,C Judá,D Dan,B,Benjamín,Jacob cambió el nombre del hijo a Benjamín.,Revisar,No,No
QB0034,AT,Génesis,Génesis 39:2,Intermedio,¿Qué caracterizaba a José mientras servía en casa de Potifar?,A Fue abandonado por Dios,B El Señor estaba con él,C Era sacerdote,D Era rey,B,El Señor estaba con él,El relato destaca la presencia favorable de Dios con José.,Revisar,No,No
QB0035,AT,Génesis,Génesis 40:8,Intermedio,¿A quién atribuyó José la capacidad de interpretar sueños?,A A los magos,B A Dios,C A Faraón,D A los sacerdotes,B,A Dios,José señaló que las interpretaciones pertenecen a Dios.,Revisar,No,No
QB0036,AT,Génesis,Génesis 42:6,Basico,¿Qué cargo tenía José cuando sus hermanos llegaron a Egipto por alimento?,A Sacerdote,B Gobernador de la tierra,C Soldado,D Escriba,B,Gobernador de la tierra,José ocupaba una posición de autoridad sobre Egipto.,Revisar,No,No
QB0037,AT,Génesis,Génesis 43:29,Intermedio,¿A quién reconoció José como hijo de su madre al verlo entre sus hermanos?,A Rubén,B Benjamín,C Judá,D Simeón,B,Benjamín,Benjamín era hermano de José por parte de madre.,Revisar,No,No
QB0038,AT,Génesis,Génesis 44:17,Avanzado,¿Quién fue señalado para quedarse como esclavo por la copa encontrada?,A Rubén,B Benjamín,C Judá,D Simeón,B,Benjamín,La copa fue hallada en el costal de Benjamín.,Revisar,No,No
QB0039,AT,Génesis,Génesis 46:3,Intermedio,¿Qué recibió Jacob antes de descender a Egipto?,A Una advertencia para no ir,B Una confirmación divina para no temer,C Una orden de regresar a Harán,D Una señal de guerra,B,Una confirmación divina para no temer,Jacob recibió seguridad para emprender el viaje a Egipto.,Revisar,No,No
QB0040,AT,Génesis,Génesis 47:11,Basico,¿En qué región de Egipto se estableció la familia de Jacob?,A Gosén,B Sinaí,C Madián,D Canaán,A,Gosén,La familia de Jacob fue establecida en la región de Gosén.,Revisar,No,No
QB0041,AT,Génesis,Génesis 48:14,Avanzado,¿Qué hizo Jacob al bendecir a Efraín y Manasés?,A Los envió lejos,B Cruzó sus manos,C Rechazó bendecirlos,D Bendijo solo al mayor,B,Cruzó sus manos,Jacob cruzó las manos y colocó la derecha sobre Efraín.,Revisar,No,No
QB0042,AT,Génesis,Génesis 49:10,Experto,¿Con qué tribu se relaciona la referencia al cetro en la bendición de Jacob?,A Leví,B Judá,C Benjamín,D Dan,B,Judá,La bendición de Jacob relaciona el cetro con Judá.,Revisar,No,No
QB0043,AT,Génesis,Génesis 50:20,Avanzado,¿Cómo interpretó José el daño que sus hermanos habían planeado contra él?,A Como una derrota definitiva,B Como algo que Dios encaminó para bien,C Como algo sin importancia,D Como motivo para vengarse,B,Como algo que Dios encaminó para bien,José reconoció un propósito providencial que convirtió el mal en bien.,Revisar,No,No
QB0044,AT,Éxodo,Éxodo 2:10,Basico,¿Qué nombre recibió el niño criado por la hija de Faraón?,A Aarón,B Moisés,C Josué,D Samuel,B,Moisés,La hija de Faraón llamó Moisés al niño.,Revisar,No,No
QB0045,AT,Éxodo,Éxodo 3:2,Basico,¿Desde qué fenómeno llamó Dios la atención de Moisés?,A Una nube oscura,B Una zarza que ardía,C Un terremoto,D Una tormenta,B,Una zarza que ardía,Moisés vio una zarza que ardía sin consumirse.,Revisar,No,No
QB0046,AT,Éxodo,Éxodo 4:14,Intermedio,¿Quién fue designado para ayudar a Moisés a hablar?,A Caleb,B Aarón,C Josué,D Hur,B,Aarón,Aarón fue presentado como apoyo de Moisés para hablar.,Revisar,No,No
QB0047,AT,Éxodo,Éxodo 7:20,Intermedio,¿Qué ocurrió con el agua del río cuando comenzó la primera plaga?,A Se secó,B Se convirtió en sangre,C Se volvió dulce,D Se congeló,B,Se convirtió en sangre,El agua se convirtió en sangre como primera plaga.,Revisar,No,No
QB0048,AT,Éxodo,Éxodo 12:7,Basico,¿Dónde debían colocar parte de la sangre del cordero pascual?,A En el techo,B En los postes y dintel de las casas,C En el suelo,D En sus vestidos,B,En los postes y dintel de las casas,La sangre debía colocarse en las entradas de las casas.,Revisar,No,No
QB0049,AT,Éxodo,Éxodo 14:21,Basico,¿Qué ocurrió con el mar cuando Moisés extendió su mano?,A Se desbordó,B Se dividió,C Se secó totalmente para siempre,D Se volvió rojo,B,Se dividió,El mar fue dividido permitiendo el paso del pueblo.,Revisar,No,No
QB0050,AT,Éxodo,Éxodo 16:15,Basico,¿Qué alimento recibió Israel en el desierto y llamó maná?,A Carne seca,B Un alimento que aparecía sobre el suelo,C Frutas,D Pan traído de Egipto,B,Un alimento que aparecía sobre el suelo,El maná apareció como provisión para el pueblo.,Revisar,No,No
QB0051,AT,Éxodo,Éxodo 19:18,Intermedio,¿Qué monte estaba cubierto de humo cuando Dios descendió sobre él?,A Carmelo,B Sinaí,C Tabor,D Sion,B,Sinaí,El monte Sinaí aparece como lugar de la manifestación divina.,Revisar,No,No
QB0052,NT,Gálatas,Gálatas 5:22,Basico,¿Qué característica aparece entre el fruto del Espíritu?,A Amor,B Envidia,C Orgullo,D Venganza,A,Amor,El pasaje incluye el amor entre las características del fruto del Espíritu.,Revisar,No,No
QB0053,AT,Éxodo,Éxodo 20:3,Basico,¿Qué establece el primer mandamiento respecto a otros dioses?,A Permitía varios dioses,B No tener otros dioses delante de Dios,C Adorar solo en Egipto,D No mencionar a Dios,B,No tener otros dioses delante de Dios,El primer mandamiento exige fidelidad exclusiva a Dios.,Revisar,No,No
QB0054,AT,Éxodo,Éxodo 24:12,Intermedio,¿Para qué fue llamado Moisés a subir al monte?,A Para recibir tablas y enseñanza,B Para buscar agua,C Para contar al pueblo,D Para construir un altar,A,Para recibir tablas y enseñanza,Moisés fue llamado a recibir las tablas y las instrucciones divinas.,Revisar,No,No
QB0055,AT,Éxodo,Éxodo 32:4,Intermedio,¿Qué figura hizo Aarón con el oro entregado por el pueblo?,A Una serpiente,B Un becerro,C Un águila,D Un león,B,Un becerro,Aarón hizo un becerro de fundición.,Revisar,No,No
QB0056,AT,Éxodo,Éxodo 33:11,Intermedio,¿Cómo describe el relato la comunicación de Dios con Moisés?,A Como un sueño distante,B Cara a cara como alguien habla con su amigo,C Solo mediante ángeles,D Por cartas,B,Cara a cara como alguien habla con su amigo,El pasaje resalta la cercanía singular de la comunicación con Moisés.,Revisar,No,No
QB0057,AT,Éxodo,Éxodo 34:29,Intermedio,¿Qué ocurrió con el rostro de Moisés después de hablar con Dios?,A Se oscureció,B Resplandecía,C Quedó cubierto de polvo,D Cambió de color,B,Resplandecía,El rostro de Moisés resplandecía tras el encuentro con Dios.,Revisar,No,No
QB0058,AT,Éxodo,Éxodo 40:34,Basico,¿Qué cubrió la tienda de reunión cuando fue terminada?,A Una nube,B Una tormenta,C Una cortina,D Una columna de soldados,A,Una nube,La nube cubrió la tienda como señal de la presencia divina.,Revisar,No,No
QB0059,NT,Romanos,Romanos 8:28,Basico,¿Qué afirma Romanos 8:28 acerca de quienes aman a Dios?,A Que todas las cosas cooperan para bien,B Que nunca enfrentarán dificultades,C Que siempre tendrán riqueza,D Que no necesitarán perseverar,A,Que todas las cosas cooperan para bien,El pasaje enseña que Dios puede obrar para bien en la vida de quienes le aman.,Revisar,No,No
QB0060,NT,1 Corintios,1 Corintios 10:13,Basico,¿Qué afirma 1 Corintios 10:13 sobre la tentación?,A Que siempre será irresistible,B Que Dios dará una salida para poder resistir,C Que solo afecta a algunas personas,D Que debe ignorarse,B,Que Dios dará una salida para poder resistir,El pasaje enseña que Dios es fiel y proporciona una salida frente a la tentación.,Revisar,No,No
QB0061,NT,2 Corintios,2 Corintios 5:17,Basico,¿Cómo describe 2 Corintios 5:17 a quien está en Cristo?,A Como una nueva creación,B Como una persona sin deberes,C Como un gobernante,D Como alguien sin pruebas,A,Como una nueva creación,El pasaje presenta la vida en Cristo como una realidad nueva.,Revisar,No,No
QB0062,NT,Efesios,Efesios 6:11,Basico,¿Qué recomienda Efesios 6:11 para mantenerse firmes?,A Vestirse con toda la armadura de Dios,B Evitar todo contacto con otros,C Viajar a Jerusalén,D Guardar alimentos,A,Vestirse con toda la armadura de Dios,El pasaje usa la imagen de la armadura de Dios para hablar de firmeza espiritual.,Revisar,No,No
QB0063,NT,Filipenses,Filipenses 4:13,Basico,¿En quién declara Pablo que puede afrontar todas las cosas?,A En Cristo que lo fortalece,B En sus propios recursos,C En el poder político,D En sus amigos,A,En Cristo que lo fortalece,El pasaje expresa confianza en la fortaleza recibida en Cristo.,Revisar,No,No
QB0064,NT,Colosenses,Colosenses 3:23,Basico,¿Cómo recomienda Colosenses 3:23 realizar el trabajo?,A De corazón como para el Señor,B Solo cuando haya recompensa,C Con desgano,D Solo ante supervisores,A,De corazón como para el Señor,El pasaje invita a trabajar sinceramente como servicio al Señor.,Revisar,No,No
QB0065,NT,1 Juan,1 Juan 4:8,Basico,¿Qué afirma 1 Juan 4:8 sobre Dios?,A Que Dios es amor,B Que Dios cambia constantemente,C Que Dios no se relaciona con las personas,D Que Dios depende del ser humano,A,Que Dios es amor,El pasaje relaciona directamente la naturaleza de Dios con el amor.,Revisar,No,No
QB0066,NT,2 Juan,2 Juan 1:5,Basico,¿Qué mandamiento recuerda 2 Juan 1:5?,A Amarnos unos a otros,B Construir un templo,C Viajar a Jerusalén,D Guardar silencio,A,Amarnos unos a otros,La carta recuerda el mandamiento de amarse unos a otros.,Revisar,No,No
QB0067,NT,3 Juan,3 Juan 1:4,Basico,¿Qué produce gran alegría según 3 Juan 1:4?,A Saber que sus hijos caminan en la verdad,B Recibir riquezas,C Viajar a nuevas ciudades,D Obtener autoridad,A,Saber que sus hijos caminan en la verdad,La carta expresa alegría al saber que los creyentes viven de acuerdo con la verdad.,Revisar,No,No
QB0068,NT,Judas,Judas 1:9,Basico,¿Quién discutió con el diablo acerca del cuerpo de Moisés?,A Gabriel,B Miguel,C Rafael,D Pedro,B,Miguel,La carta menciona al arcángel Miguel en una disputa relacionada con el cuerpo de Moisés.,Revisar,No,No
QB0069,NT,Apocalipsis,Apocalipsis 21:4,Basico,¿Qué afirma Apocalipsis 21:4 que ya no existirá?,A La muerte,B La esperanza,C La creación,D La alabanza,A,La muerte,La visión describe una realidad renovada en la que la muerte ya no existirá.,Revisar,No,No
QB0070,AT,Levítico,Levítico 19:18,Basico,¿Qué mandato aparece respecto al prójimo?,A Amar al prójimo como a uno mismo,B Evitar al prójimo,C Dominar al prójimo,D Ignorar al prójimo,A,Amar al prójimo como a uno mismo,El pasaje manda amar al prójimo como a uno mismo.,Revisar,No,No
QB0071,AT,Levítico,Levítico 16:29,Intermedio,¿Qué práctica acompañaba el día de la expiación?,A Afligirse y abstenerse de trabajo,B Celebrar una boda,C Iniciar una guerra,D Viajar a Egipto,A,Afligirse y abstenerse de trabajo,El día de la expiación incluía humillación y descanso del trabajo.,Revisar,No,No
QB0072,AT,Levítico,Levítico 11:45,Intermedio,¿Qué razón se da para vivir en santidad?,A Porque Dios es santo,B Porque Israel era rico,C Porque Moisés lo prefirió,D Porque Egipto lo exigía,A,Porque Dios es santo,El llamado a la santidad se fundamenta en el carácter santo de Dios.,Revisar,No,No
QB0073,AT,Levítico,Levítico 1:3,Intermedio,¿Qué característica debía tener la ofrenda de ganado para el holocausto?,A Ser macho sin defecto,B Ser de cualquier condición,C Ser siempre una hembra,D Ser un animal salvaje,A,Ser macho sin defecto,La ofrenda debía ser presentada sin defecto.,Revisar,No,No
QB0074,AT,Levítico,Levítico 23:34,Basico,¿Qué celebración comenzaba el día quince del séptimo mes?,A La fiesta de los Tabernáculos,B La Pascua,C Pentecostés,D La dedicación,A,La fiesta de los Tabernáculos,La fiesta de los Tabernáculos se celebraba en ese período.,Revisar,No,No
QB0075,AT,Números,Números 6:24,Basico,¿Qué expresa el inicio de la bendición sacerdotal?,A Que Dios bendiga y guarde,B Que el pueblo viaje,C Que el rey gobierne,D Que el ejército venza,A,Que Dios bendiga y guarde,La bendición sacerdotal comienza pidiendo bendición y protección divina.,Revisar,No,No
QB0076,AT,Números,Números 13:30,Intermedio,¿Quién animó al pueblo a subir y conquistar la tierra?,A Caleb,B Coré,C Balaam,D Aarón,A,Caleb,Caleb expresó confianza en que podían conquistar la tierra.,Revisar,No,No
QB0077,AT,Números,Números 14:33,Intermedio,¿Cuántos años vagaría Israel por el desierto?,A 12 años,B 20 años,C 40 años,D 70 años,C,40 años,El relato establece cuarenta años de peregrinación en el desierto.,Revisar,No,No
QB0078,AT,Números,Números 20:11,Intermedio,¿Qué hizo Moisés para que saliera agua de la roca?,A La golpeó dos veces con la vara,B La cubrió con arena,C La llevó al campamento,D La partió con una espada,A,La golpeó dos veces con la vara,Moisés golpeó la roca con la vara y salió agua.,Revisar,No,No
QB0079,AT,Números,Números 21:9,Basico,¿Qué levantó Moisés para que los afectados por serpientes pudieran mirar y vivir?,A Una serpiente de bronce,B Un altar de piedra,C Una bandera,D Una lámpara,A,Una serpiente de bronce,Moisés levantó una serpiente de bronce como señal para el pueblo.,Revisar,No,No
QB0080,AT,Números,Números 22:28,Intermedio,¿Qué animal habló a Balaam?,A Su asna,B Un caballo,C Una oveja,D Un camello,A,Su asna,El relato presenta que el animal de Balaam habló durante el camino.,Revisar,No,No
QB0081,AT,Deuteronomio,Deuteronomio 6:5,Basico,¿Cómo se manda amar a Dios?,A Con todo el corazón, alma y fuerzas,B Solo con palabras,C Solo en el templo,D Únicamente en días especiales,A,Con todo el corazón, alma y fuerzas,El mandato llama a amar a Dios con la totalidad de la persona.,Revisar,No,No
QB0082,AT,Deuteronomio,Deuteronomio 8:3,Intermedio,¿Qué enseñanza se relaciona con el maná?,A Que el ser humano no vive solo de pan,B Que el agua es innecesaria,C Que Israel debía regresar a Egipto,D Que el alimento era suficiente sin Dios,A,Que el ser humano no vive solo de pan,El pasaje usa el maná para enseñar dependencia de la palabra de Dios.,Revisar,No,No
QB0083,AT,Deuteronomio,Deuteronomio 10:12,Intermedio,¿Qué se pide a Israel además de temer a Dios?,A Andar en sus caminos y amarle,B Construir ciudades,C Elegir un rey,D Evitar otras naciones,A,Andar en sus caminos y amarle,El pasaje resume una respuesta de reverencia, obediencia y amor.,Revisar,No,No
QB0084,AT,Deuteronomio,Deuteronomio 30:19,Basico,¿Qué elección presenta Moisés ante el pueblo?,A Vida o muerte,B Guerra o comercio,C Egipto o Canaán,D Oro o plata,A,Vida o muerte,Moisés presenta una decisión entre vida y muerte y exhorta a escoger la vida.,Revisar,No,No
QB0085,AT,Deuteronomio,Deuteronomio 34:5,Basico,¿Dónde murió Moisés según el relato?,A En la tierra de Moab,B En Egipto,C En Jerusalén,D En Betel,A,En la tierra de Moab,El relato sitúa la muerte de Moisés en Moab.,Revisar,No,No
QB0086,AT,Josué,Josué 1:9,Basico,¿Qué exhortación recibió Josué al comenzar su liderazgo?,A Ser fuerte y valiente,B Regresar a Egipto,C Evitar cruzar el Jordán,D Construir un palacio,A,Ser fuerte y valiente,Josué recibió el llamado a actuar con fortaleza y valentía.,Revisar,No,No
QB0087,AT,Josué,Josué 2:18,Intermedio,¿Qué señal debía colocar Rahab en la ventana?,A Un cordón escarlata,B Una lámpara,C Una rama de olivo,D Una piedra,A,Un cordón escarlata,El cordón escarlata serviría como señal para identificar la casa de Rahab.,Revisar,No,No
QB0088,AT,Josué,Josué 3:16,Intermedio,¿Qué ocurrió con las aguas del Jordán cuando los sacerdotes entraron?,A Se detuvieron,B Se convirtieron en sangre,C Aumentaron,D Se congelaron,A,Se detuvieron,Las aguas se detuvieron para permitir el cruce del pueblo.,Revisar,No,No
QB0089,AT,Josué,Josué 6:20,Basico,¿Qué ocurrió con el muro de Jericó después del grito del pueblo?,A Cayó,B Creció,C Se incendió,D Se movió,A,Cayó,El muro cayó después del sonido de las trompetas y el grito del pueblo.,Revisar,No,No
QB0090,AT,Josué,Josué 24:15,Basico,¿Qué decisión declara Josué respecto a su casa?,A Servir al Señor,B Volver a Egipto,C Adorar a los dioses extranjeros,D Abandonar la tierra,A,Servir al Señor,Josué declara que él y su casa servirán al Señor.,Revisar,No,No
QB0091,AT,Jueces,Jueces 4:4,Intermedio,¿Quién era jueza y profetisa en Israel?,A Débora,B Rut,C Ana,D Abigail,A,Débora,Débora ejercía liderazgo y juzgaba a Israel.,Revisar,No,No
QB0092,AT,Jueces,Jueces 6:12,Basico,¿Quién fue llamado "valiente guerrero" por el mensajero de Dios?,A Gedeón,B Sansón,C Jefté,D Barac,A,Gedeón,Gedeón recibió ese saludo al inicio de su llamado.,Revisar,No,No
QB0093,AT,Jueces,Jueces 7:7,Intermedio,¿Con cuántos hombres quedó finalmente Gedeón para enfrentar a Madián?,A 300,B 600,C 1,000,D 10,000,A,300,La fuerza de Gedeón fue reducida a trescientos hombres.,Revisar,No,No
QB0094,AT,Jueces,Jueces 13:5,Basico,¿Qué juez fue anunciado antes de su nacimiento como nazareo?,A Sansón,B Otoniel,C Ehúd,D Gedeón,A,Sansón,El nacimiento de Sansón fue anunciado con instrucciones especiales.,Revisar,No,No
QB0095,AT,Jueces,Jueces 16:17,Intermedio,¿Qué reveló Sansón acerca del secreto relacionado con su fuerza?,A Que nunca se había cortado el cabello,B Que usaba una espada especial,C Que bebía una poción,D Que llevaba una piedra,A,Que nunca se había cortado el cabello,Sansón explicó la relación entre su condición de nazareo y su cabello no cortado.,Revisar,No,No
QB0096,AT,Rut,Rut 1:16,Basico,¿Qué decidió Rut respecto a Noemí?,A Permanecer con ella,B Regresar inmediatamente a Moab,C Casarse antes de viajar,D Viajar sola a Egipto,A,Permanecer con ella,Rut decidió acompañar a Noemí y compartir su pueblo y su fe.,Revisar,No,No
QB0097,AT,Rut,Rut 2:3,Intermedio,¿En los campos de quién comenzó Rut a recoger espigas?,A Booz,B Elimelec,C Mahlón,D Obed,A,Booz,Rut llegó providencialmente a un campo perteneciente a Booz.,Revisar,No,No
QB0098,AT,Rut,Rut 4:13,Basico,¿Con quién se casó Rut?,A Booz,B Obed,C Elimelec,D Mahlón,A,Booz,Booz tomó a Rut como esposa.,Revisar,No,No
QB0099,AT,Rut,Rut 4:17,Intermedio,¿Qué nombre recibió el hijo de Rut y Booz?,A Obed,B Isaí,C David,D Samuel,A,Obed,El hijo de Rut y Booz fue llamado Obed.,Revisar,No,No
QB0100,AT,1 Samuel,1 Samuel 1:20,Basico,¿Qué nombre puso Ana al hijo por el que había orado?,A Samuel,B Saúl,C Jonatán,D David,A,Samuel,Ana llamó Samuel a su hijo.,Revisar,No,No
QB0101,AT,1 Samuel,1 Samuel 3:10,Basico,¿Quién llamó repetidamente a Samuel durante la noche?,A Dios,B Elí,C Saúl,D David,A,Dios,Samuel aprendió a reconocer la voz de Dios durante la noche.,Revisar,No,No
QB0102,AT,1 Samuel,1 Samuel 8:5,Intermedio,¿Qué pidió el pueblo a Samuel para gobernarlos?,A Un rey,B Un sacerdote,C Un juez adicional,D Un profeta,A,Un rey,Israel pidió un rey como tenían otras naciones.,Revisar,No,No
QB0103,AT,1 Samuel,1 Samuel 10:1,Basico,¿Quién fue ungido por Samuel como primer rey de Israel?,A Saúl,B David,C Salomón,D Jonatán,A,Saúl,Samuel ungió a Saúl como rey.,Revisar,No,No
QB0104,AT,1 Samuel,1 Samuel 16:13,Basico,¿A quién ungió Samuel entre los hijos de Isaí?,A David,B Eliab,C Abinadab,D Jonatán,A,David,Samuel ungió a David en presencia de sus hermanos.,Revisar,No,No
QB0105,AT,1 Samuel,1 Samuel 17:49,Basico,¿Con qué derrotó David a Goliat?,A Una piedra lanzada con honda,B Una espada larga,C Una lanza,D Un arco,A,Una piedra lanzada con honda,David hirió a Goliat con una piedra lanzada mediante su honda.,Revisar,No,No
QB0106,AT,1 Samuel,1 Samuel 18:1,Intermedio,¿Quién llegó a tener una profunda amistad con David?,A Jonatán,B Saúl,C Abner,D Samuel,A,Jonatán,Jonatán estableció una amistad muy cercana con David.,Revisar,No,No
QB0107,AT,1 Samuel,1 Samuel 24:6,Avanzado,¿Por qué David se negó a matar a Saúl cuando tuvo oportunidad?,A Porque lo consideraba el ungido del Señor,B Porque no llevaba espada,C Porque Saúl estaba acompañado,D Porque huyó inmediatamente,A,Porque lo consideraba el ungido del Señor,David respetó la condición de Saúl como ungido y se negó a matarlo.,Revisar,No,No
QB0108,AT,1 Samuel,1 Samuel 31:4,Intermedio,¿Qué ocurrió con Saúl al final de la batalla contra los filisteos?,A Cayó sobre su propia espada,B Fue llevado cautivo,C Escapó a Egipto,D Fue coronado nuevamente,A,Cayó sobre su propia espada,Saúl cayó sobre su espada después de ser gravemente herido.,Revisar,No,No
QB0109,AT,2 Samuel,2 Samuel 5:4,Basico,¿Cuántos años tenía David cuando comenzó a reinar?,A 30 años,B 20 años,C 40 años,D 50 años,A,30 años,David tenía treinta años cuando comenzó su reinado.,Revisar,No,No
QB0110,AT,2 Samuel,2 Samuel 6:14,Basico,¿Qué hizo David delante del Señor mientras se trasladaba el arca?,A Danzó,B Se escondió,C Se sentó,D Durmió,A,Danzó,David celebró con danza durante el traslado del arca.,Revisar,No,No
QB0111,AT,2 Samuel,2 Samuel 7:16,Intermedio,¿Qué promesa recibió David acerca de su casa y reino?,A Que serían establecidos de forma duradera,B Que terminarían inmediatamente,C Que se trasladarían a Egipto,D Que serían reemplazados por sacerdotes,A,Que serían establecidos de forma duradera,La promesa hecha a David habla de continuidad de su casa y reino.,Revisar,No,No
QB0112,AT,2 Samuel,2 Samuel 11:3,Intermedio,¿Quién era la mujer por la que David preguntó después de verla?,A Betsabé,B Abigail,C Mical,D Tamar,A,Betsabé,David preguntó por Betsabé después de verla.,Revisar,No,No
QB0113,AT,2 Samuel,2 Samuel 12:7,Avanzado,¿Qué profeta confrontó a David con la frase "Tú eres ese hombre"?,A Natán,B Samuel,C Gad,D Elías,A,Natán,Natán confrontó a David mediante una parábola y luego señaló su culpa.,Revisar,No,No
QB0114,AT,2 Samuel,2 Samuel 15:13,Intermedio,¿Qué hijo de David encabezó una rebelión contra él?,A Absalón,B Salomón,C Amnón,D Adonías,A,Absalón,Absalón ganó apoyo y se rebeló contra David.,Revisar,No,No
QB0115,AT,2 Samuel,2 Samuel 18:33,Intermedio,¿Por quién lamentó profundamente David después de la batalla?,A Absalón,B Joab,C Saúl,D Jonatán,A,Absalón,David expresó profundo dolor por la muerte de Absalón.,Revisar,No,No
QB0116,AT,1 Reyes,1 Reyes 3:9,Basico,¿Qué pidió Salomón a Dios para gobernar al pueblo?,A Un corazón entendido para discernir,B Muchas riquezas,C Un ejército mayor,D Una vida sin problemas,A,Un corazón entendido para discernir,Salomón pidió sabiduría y discernimiento para gobernar correctamente.,Revisar,No,No
QB0117,AT,1 Reyes,1 Reyes 6:1,Intermedio,¿Qué gran obra comenzó Salomón durante su reinado?,A La construcción del templo,B La reconstrucción de Jericó,C La construcción del arca,D La ampliación del tabernáculo,A,La construcción del templo,Salomón inició la construcción del templo en Jerusalén.,Revisar,No,No
QB0118,AT,1 Reyes,1 Reyes 10:1,Basico,¿Qué reina visitó a Salomón para probar su sabiduría?,A La reina de Sabá,B Jezabel,C Atalía,D Ester,A,La reina de Sabá,La reina de Sabá visitó a Salomón y le planteó preguntas difíciles.,Revisar,No,No
QB0119,AT,1 Reyes,1 Reyes 11:4,Intermedio,¿Qué ocurrió con Salomón en su vejez según el relato?,A Su corazón se inclinó hacia otros dioses,B Abandonó Jerusalén,C Fue llevado cautivo,D Dejó de ser rey inmediatamente,A,Su corazón se inclinó hacia otros dioses,El relato señala que sus esposas desviaron su corazón hacia otros dioses.,Revisar,No,No
QB0120,AT,1 Reyes,1 Reyes 12:16,Intermedio,¿Qué consecuencia tuvo la dureza de Roboam?,A El reino se dividió,B El templo fue reconstruido,C Israel volvió a Egipto,D Salomón regresó al trono,A,El reino se dividió,La respuesta de Roboam contribuyó a la división del reino.,Revisar,No,No
QB0121,AT,1 Reyes,1 Reyes 17:6,Basico,¿Qué animales llevaban alimento a Elías junto al arroyo?,A Cuervos,B Palomas,C Águilas,D Ovejas,A,Cuervos,Los cuervos llevaban alimento a Elías.,Revisar,No,No
QB0122,AT,1 Reyes,1 Reyes 18:24,Intermedio,¿Qué señal propuso Elías en el monte Carmelo para reconocer al verdadero Dios?,A El dios que respondiera con fuego,B El que enviara nieve,C El que hiciera crecer un árbol,D El que abriera el mar,A,El dios que respondiera con fuego,Elías propuso que el Dios que respondiera mediante fuego sería reconocido como verdadero.,Revisar,No,No
QB0123,AT,1 Reyes,1 Reyes 19:12,Avanzado,¿Después de qué fenómenos percibió Elías una voz suave?,A Viento, terremoto y fuego,B Lluvia, nieve y granizo,C Sol, luna y estrellas,D Mar, río y lago,A,Viento, terremoto y fuego,El relato presenta una secuencia de viento, terremoto y fuego antes de una voz apacible.,Revisar,No,No
QB0124,AT,2 Reyes,2 Reyes 2:11,Basico,¿Cómo fue separado Elías de Eliseo?,A Por un carro de fuego y un torbellino,B Por una nave,C Por un ejército,D Por una nube oscura,A,Por un carro de fuego y un torbellino,El relato describe un carro de fuego y la subida de Elías en un torbellino.,Revisar,No,No
QB0125,AT,2 Reyes,2 Reyes 4:34,Intermedio,¿Qué profeta intervino para que el hijo de la sunamita volviera a vivir?,A Eliseo,B Elías,C Isaías,D Jeremías,A,Eliseo,Eliseo oró e intervino por el hijo de la sunamita.,Revisar,No,No
QB0126,AT,2 Reyes,2 Reyes 5:14,Basico,¿En qué río se sumergió Naamán siete veces?,A Jordán,B Nilo,C Éufrates,D Tigris,A,Jordán,Naamán se sumergió siete veces en el Jordán y fue sanado.,Revisar,No,No
QB0127,AT,2 Reyes,2 Reyes 18:5,Intermedio,¿Qué rey de Judá destacó por confiar en el Señor?,A Ezequías,B Acab,C Manasés,D Joás,A,Ezequías,Ezequías es presentado como un rey que confió en Dios.,Revisar,No,No
QB0128,AT,2 Reyes,2 Reyes 22:11,Intermedio,¿Cómo reaccionó el rey Josías al escuchar las palabras del libro de la ley?,A Rasgó sus vestidos,B Organizó una fiesta,C Huyó de Jerusalén,D Ignoró el mensaje,A,Rasgó sus vestidos,Josías mostró arrepentimiento al escuchar el contenido del libro.,Revisar,No,No
QB0129,AT,2 Reyes,2 Reyes 25:9,Intermedio,¿Qué ocurrió con el templo durante la conquista babilónica?,A Fue incendiado,B Fue trasladado,C Fue ampliado,D Permaneció intacto,A,Fue incendiado,Las fuerzas babilónicas incendiaron el templo.,Revisar,No,No
QB0130,AT,1 Crónicas,1 Crónicas 16:8,Basico,¿Qué acción se exhorta a realizar respecto al Señor?,A Dar gracias e invocar su nombre,B Olvidar sus obras,C Buscar otros dioses,D Guardar silencio,A,Dar gracias e invocar su nombre,El pasaje invita a dar gracias y anunciar las obras de Dios.,Revisar,No,No
QB0131,AT,1 Crónicas,1 Crónicas 17:11,Intermedio,¿Qué promesa recibió David respecto a uno de sus descendientes?,A Que establecería su reino,B Que regresaría a Egipto,C Que destruiría Jerusalén,D Que dejaría de existir la monarquía,A,Que establecería su reino,La promesa señala continuidad de la dinastía de David.,Revisar,No,No
QB0132,AT,1 Crónicas,1 Crónicas 21:1,Avanzado,¿Qué acción de David se relaciona con el censo de Israel?,A Ordenó contar al pueblo,B Construyó el templo,C Dividió el reino,D Trasladó el arca,A,Ordenó contar al pueblo,David ordenó realizar un censo de Israel.,Revisar,No,No
QB0133,AT,1 Crónicas,1 Crónicas 28:9,Intermedio,¿Qué consejo dio David a Salomón respecto a Dios?,A Servirle con corazón íntegro,B Buscar riqueza,C Evitar el templo,D Gobernar sin consejo,A,Servirle con corazón íntegro,David exhortó a Salomón a conocer y servir sinceramente a Dios.,Revisar,No,No
QB0134,AT,2 Crónicas,2 Crónicas 1:10,Basico,¿Qué pidió Salomón para gobernar?,A Sabiduría y conocimiento,B Un ejército,C Oro,D Una ciudad nueva,A,Sabiduría y conocimiento,Salomón pidió capacidad para gobernar correctamente.,Revisar,No,No
QB0135,AT,2 Crónicas,2 Crónicas 7:14,Intermedio,¿Qué acciones se mencionan para un pueblo que busca restauración?,A Humillarse, orar, buscar a Dios y apartarse del mal,B Construir un palacio,C Viajar al desierto,D Cambiar de rey,A,Humillarse, orar, buscar a Dios y apartarse del mal,El pasaje relaciona humildad, oración y arrepentimiento con restauración.,Revisar,No,No
QB0136,AT,2 Crónicas,2 Crónicas 20:15,Intermedio,¿Qué mensaje recibió Josafat ante la amenaza de un gran ejército?,A Que la batalla pertenecía a Dios,B Que debía rendirse,C Que huyera a Egipto,D Que abandonara Jerusalén,A,Que la batalla pertenecía a Dios,El mensaje animó al pueblo a confiar en la intervención divina.,Revisar,No,No
QB0137,AT,2 Crónicas,2 Crónicas 34:31,Avanzado,¿Qué hizo Josías después de escuchar el libro del pacto?,A Renovó el pacto delante de Dios,B Destruyó el templo,C Abandonó la ciudad,D Nombró otro rey,A,Renovó el pacto delante de Dios,Josías se comprometió a seguir los mandamientos del pacto.,Revisar,No,No
QB0138,AT,Esdras,Esdras 1:2,Basico,¿Qué rey permitió el regreso para reconstruir el templo?,A Ciro,B Darío,C Artajerjes,D Nabucodonosor,A,Ciro,Ciro autorizó el regreso y la reconstrucción del templo.,Revisar,No,No
QB0139,AT,Esdras,Esdras 3:10,Intermedio,¿Qué ocurrió cuando se colocaron los cimientos del templo?,A Hubo alabanza con instrumentos,B El pueblo huyó,C Comenzó una guerra,D El rey llegó a Jerusalén,A,Hubo alabanza con instrumentos,La colocación de los cimientos fue acompañada por alabanza.,Revisar,No,No
QB0140,AT,Esdras,Esdras 7:10,Intermedio,¿A qué se había dedicado Esdras?,A Estudiar, practicar y enseñar la ley,B Entrenar soldados,C Construir murallas,D Administrar impuestos,A,Estudiar, practicar y enseñar la ley,Esdras se preparó para conocer y enseñar la ley.,Revisar,No,No
QB0141,AT,Nehemías,Nehemías 1:4,Basico,¿Cómo reaccionó Nehemías al conocer la situación de Jerusalén?,A Lloró, ayunó y oró,B Organizó una fiesta,C Ignoró la noticia,D Viajó a Egipto,A,Lloró, ayunó y oró,Nehemías respondió con duelo, ayuno y oración.,Revisar,No,No
QB0142,AT,Nehemías,Nehemías 2:17,Intermedio,¿Qué propuso Nehemías a los habitantes de Jerusalén?,A Reconstruir la muralla,B Abandonar la ciudad,C Destruir el templo,D Trasladarse a Persia,A,Reconstruir la muralla,Nehemías animó al pueblo a reconstruir las murallas de Jerusalén.,Revisar,No,No
QB0143,AT,Nehemías,Nehemías 4:17,Intermedio,¿Cómo trabajaban algunos constructores ante las amenazas?,A Con una mano trabajaban y con la otra sostenían un arma,B Solo de noche,C Sin herramientas,D Bajo tierra,A,Con una mano trabajaban y con la otra sostenían un arma,La reconstrucción continuó mientras se mantenían preparados para defenderse.,Revisar,No,No
QB0144,AT,Nehemías,Nehemías 8:8,Intermedio,¿Qué hicieron los levitas al leer la ley al pueblo?,A Explicaron su sentido,B La ocultaron,C La tradujeron al egipcio,D La reemplazaron,A,Explicaron su sentido,La lectura fue acompañada de explicación para facilitar la comprensión.,Revisar,No,No
QB0145,AT,Ester,Ester 2:17,Basico,¿Quién fue escogida como reina?,A Ester,B Rut,C Abigail,D Débora,A,Ester,Ester fue elegida reina.,Revisar,No,No
QB0146,AT,Ester,Ester 3:5,Intermedio,¿Por qué se enfureció Amán contra Mardoqueo?,A Porque no se arrodillaba ante él,B Porque robó dinero,C Porque huyó de la ciudad,D Porque era sacerdote,A,Porque no se arrodillaba ante él,Amán se indignó al ver que Mardoqueo no se inclinaba ante él.,Revisar,No,No
QB0147,AT,Ester,Ester 4:14,Intermedio,¿Qué posibilidad planteó Mardoqueo acerca de la posición de Ester?,A Que hubiera llegado al reino para un momento como ese,B Que debía regresar a casa,C Que debía abandonar su cargo,D Que debía evitar hablar con el rey,A,Que hubiera llegado al reino para un momento como ese,Mardoqueo sugirió que su posición podía tener un propósito providencial.,Revisar,No,No
QB0148,AT,Ester,Ester 7:3,Avanzado,¿Qué pidió Ester al rey durante el banquete?,A Que se preservara su vida y la de su pueblo,B Que le diera otro palacio,C Que nombrara rey a Mardoqueo,D Que castigara a todos los persas,A,Que se preservara su vida y la de su pueblo,Ester reveló el peligro que amenazaba a su pueblo y pidió protección.,Revisar,No,No
QB0149,AT,Job,Job 1:21,Basico,¿Qué reconoce Job después de perder sus bienes y familia?,A Que llegó sin nada y sin nada partiría,B Que nunca había sufrido,C Que Dios lo había olvidado,D Que debía abandonar su fe,A,Que llegó sin nada y sin nada partiría,Job expresó aceptación de su condición humana en medio de la pérdida.,Revisar,No,No
QB0150,AT,Job,Job 2:9,Intermedio,¿Qué le sugirió su esposa a Job en medio de su sufrimiento?,A Renunciar a Dios y morir,B Viajar a Egipto,C Buscar riquezas,D Construir un altar,A,Renunciar a Dios y morir,La esposa de Job reaccionó con desesperación ante su situación.,Revisar,No,No
QB0151,AT,Job,Job 19:25,Intermedio,¿Qué convicción expresa Job acerca de su redentor?,A Que vive,B Que ha desaparecido,C Que es desconocido,D Que es un rey extranjero,A,Que vive,Job expresa una firme esperanza en un redentor vivo.,Revisar,No,No
QB0152,AT,Job,Job 38:4,Avanzado,¿Qué pregunta hace Dios a Job al comenzar su respuesta?,A Dónde estaba cuando se fundó la tierra,B Por qué dejó su casa,C Cuántos hijos tenía,D Qué rey gobernaba,A,Dónde estaba cuando se fundó la tierra,La respuesta divina confronta a Job con los límites de su conocimiento.,Revisar,No,No
QB0153,AT,Job,Job 42:6,Avanzado,¿Qué actitud adopta Job al final de sus discursos?,A Se arrepiente y se humilla,B Se declara vencedor,C Abandona su fe,D Exige una recompensa,A,Se arrepiente y se humilla,Job reconoce su limitación y adopta una actitud de arrepentimiento.,Revisar,No,No
QB0154,AT,Salmos,Salmos 23:1,Basico,¿Con qué imagen describe el salmista al Señor?,A Como pastor,B Como soldado,C Como comerciante,D Como juez humano,A,Como pastor,El salmo presenta a Dios como pastor que cuida y guía.,Revisar,No,No
QB0155,AT,Salmos,Salmos 46:1,Basico,¿Cómo describe el salmo a Dios?,A Refugio y fortaleza,B Rey distante,C Comerciante,D Viajero,A,Refugio y fortaleza,El salmo presenta a Dios como refugio y fortaleza en la dificultad.,Revisar,No,No
QB0156,AT,Salmos,Salmos 51:10,Intermedio,¿Qué pide el salmista respecto a su interior?,A Un corazón limpio y espíritu firme,B Una casa nueva,C Una corona,D Un ejército,A,Un corazón limpio y espíritu firme,El salmo expresa deseo de renovación interior.,Revisar,No,No
QB0157,AT,Salmos,Salmos 91:1,Basico,¿Dónde habita quien confía bajo la protección del Altísimo?,A Al amparo del Altísimo,B En una ciudad fortificada,C En el desierto,D En un palacio,A,Al amparo del Altísimo,El salmo usa imágenes de refugio y protección divina.,Revisar,No,No
QB0158,AT,Salmos,Salmos 119:105,Basico,¿Con qué compara el salmista la palabra de Dios?,A Con una lámpara para los pies y luz para el camino,B Con una espada de guerra,C Con una piedra,D Con un río,A,Con una lámpara para los pies y luz para el camino,La palabra es presentada como guía para la vida.,Revisar,No,No
QB0159,AT,Proverbios,Proverbios 1:7,Basico,¿Qué se presenta como principio del conocimiento?,A El temor del Señor,B La riqueza,C La fuerza,D La fama,A,El temor del Señor,El proverbio relaciona el verdadero conocimiento con reverencia a Dios.,Revisar,No,No
QB0160,AT,Proverbios,Proverbios 3:5,Basico,¿Qué consejo se da respecto a la confianza?,A Confiar en Dios de todo corazón,B Confiar únicamente en la propia inteligencia,C No confiar en nadie,D Confiar solo en las riquezas,A,Confiar en Dios de todo corazón,El proverbio invita a confiar plenamente en Dios.,Revisar,No,No
QB0161,AT,Proverbios,Proverbios 15:1,Intermedio,¿Qué efecto puede tener una respuesta amable?,A Calmar la ira,B Aumentar siempre el conflicto,C Provocar una guerra,D Impedir toda conversación,A,Calmar la ira,El proverbio destaca el poder de una respuesta suave para reducir la tensión.,Revisar,No,No
QB0162,AT,Proverbios,Proverbios 16:18,Intermedio,¿Qué se afirma acerca del orgullo?,A Que precede a la caída,B Que siempre produce éxito,C Que garantiza sabiduría,D Que reemplaza la prudencia,A,Que precede a la caída,El proverbio advierte sobre las consecuencias del orgullo.,Revisar,No,No
QB0163,AT,Proverbios,Proverbios 22:6,Basico,¿Qué orientación se da respecto a la formación de un niño?,A Enseñarlo en el camino adecuado,B Dejarlo sin guía,C Evitar toda corrección,D Prepararlo solo para el trabajo,A,Enseñarlo en el camino adecuado,El proverbio resalta la importancia de la formación desde temprana edad.,Revisar,No,No
QB0164,AT,Eclesiastés,Eclesiastés 3:1,Basico,¿Qué afirma el texto acerca de las actividades humanas?,A Que cada cosa tiene su tiempo,B Que todo debe hacerse de inmediato,C Que nada cambia,D Que todo depende del azar,A,Que cada cosa tiene su tiempo,El pasaje presenta distintos tiempos y momentos para las experiencias humanas.,Revisar,No,No
QB0165,AT,Eclesiastés,Eclesiastés 4:9,Intermedio,¿Qué se afirma acerca de trabajar acompañado?,A Que dos son mejores que uno,B Que estar solo siempre es mejor,C Que el trabajo no tiene valor,D Que la amistad es innecesaria,A,Que dos son mejores que uno,El texto destaca las ventajas del apoyo mutuo.,Revisar,No,No
QB0166,AT,Eclesiastés,Eclesiastés 12:13,Intermedio,¿Qué conclusión se presenta al final del libro?,A Temer a Dios y guardar sus mandamientos,B Buscar riqueza,C Evitar toda actividad,D Gobernar una nación,A,Temer a Dios y guardar sus mandamientos,El cierre resume la responsabilidad humana en reverenciar a Dios y obedecerle.,Revisar,No,No
QB0167,AT,Cantares,Cantares 2:1,Basico,¿Qué imágenes de flores aparecen en el poema?,A Rosa de Sarón y lirio de los valles,B Olivo y vid,C Cedro y ciprés,D Higuera y palma,A,Rosa de Sarón y lirio de los valles,El poema utiliza imágenes florales para expresar belleza.,Revisar,No,No
QB0168,AT,Cantares,Cantares 8:7,Intermedio,¿Qué afirma el poema acerca del amor frente a muchas aguas?,A Que no pueden apagarlo,B Que desaparece fácilmente,C Que depende de la riqueza,D Que solo dura un momento,A,Que no pueden apagarlo,El poema destaca la fuerza y permanencia del amor.,Revisar,No,No
QB0169,AT,Isaías,Isaías 6:8,Basico,¿Cómo respondió Isaías al llamado divino?,A "Aquí estoy, envíame a mí",B "No puedo ir",C "Envía a otro",D "Regresaré después",A,"Aquí estoy, envíame a mí",Isaías respondió con disponibilidad al llamado.,Revisar,No,No
QB0170,AT,Isaías,Isaías 9:6,Intermedio,¿Qué títulos se atribuyen al niño anunciado?,A Consejero admirable y Príncipe de paz,B Rey de Egipto,C Sacerdote de Moab,D Juez de Samaria,A,Consejero admirable y Príncipe de paz,El pasaje utiliza títulos que expresan autoridad y paz.,Revisar,No,No
QB0171,AT,Isaías,Isaías 40:31,Basico,¿Qué se promete a quienes esperan en el Señor?,A Renovarán sus fuerzas,B Nunca dormirán,C No tendrán responsabilidades,D Obtendrán riquezas,A,Renovarán sus fuerzas,El pasaje habla de fuerzas renovadas para quienes confían en Dios.,Revisar,No,No
QB0172,AT,Isaías,Isaías 53:5,Intermedio,¿Qué relación establece el pasaje entre el sufrimiento del siervo y otros?,A Su sufrimiento trae bienestar y sanidad,B Su sufrimiento no afecta a nadie,C Es castigado por un rey,D Huye de sus responsabilidades,A,Su sufrimiento trae bienestar y sanidad,El texto presenta el sufrimiento del siervo en relación con la restauración de otros.,Revisar,No,No
QB0173,AT,Isaías,Isaías 55:8,Intermedio,¿Qué se afirma sobre los pensamientos y caminos de Dios?,A Que son distintos y superiores a los humanos,B Que son iguales a los humanos,C Que dependen de los reyes,D Que nunca se conocen,A,Que son distintos y superiores a los humanos,El pasaje contrasta la perspectiva divina con la humana.,Revisar,No,No
QB0174,AT,Jeremías,Jeremías 1:5,Basico,¿Qué se afirma sobre Jeremías antes de su nacimiento?,A Que Dios lo conocía y apartó,B Que era rey,C Que vivía en Egipto,D Que había construido el templo,A,Que Dios lo conocía y apartó,El llamado de Jeremías se presenta como anterior a su nacimiento.,Revisar,No,No
QB0175,AT,Jeremías,Jeremías 18:6,Intermedio,¿Qué imagen usa Dios para hablar de su relación con Israel?,A El alfarero y el barro,B El pescador y la red,C El pastor y el rebaño,D El agricultor y la semilla,A,El alfarero y el barro,La imagen del alfarero destaca la soberanía de Dios sobre el pueblo.,Revisar,No,No
QB0176,AT,Jeremías,Jeremías 29:11,Basico,¿Qué expresa Dios respecto a sus planes para el pueblo?,A Planes de bienestar y esperanza,B Planes de abandono,C Planes de destrucción inmediata,D Planes desconocidos sin propósito,A,Planes de bienestar y esperanza,El pasaje comunica esperanza dentro del contexto del exilio.,Revisar,No,No
QB0177,AT,Jeremías,Jeremías 31:33,Intermedio,¿Dónde promete Dios escribir su ley en el nuevo pacto?,A En el corazón,B En una muralla,C En una moneda,D En una corona,A,En el corazón,El nuevo pacto es presentado como una transformación interior.,Revisar,No,No
QB0178,AT,Lamentaciones,Lamentaciones 3:22,Basico,¿Qué se afirma acerca de las misericordias de Dios?,A Que no se agotan,B Que duran solo un día,C Que pertenecen solo a los reyes,D Que dependen de la riqueza,A,Que no se agotan,El texto expresa confianza en la fidelidad y misericordia divina.,Revisar,No,No
QB0179,AT,Lamentaciones,Lamentaciones 3:23,Basico,¿Cómo describe el texto la renovación de las misericordias de Dios?,A Nuevas cada mañana,B Una vez al año,C Solo en Jerusalén,D Únicamente en tiempos de paz,A,Nuevas cada mañana,El pasaje destaca renovación constante y fidelidad.,Revisar,No,No
QB0180,AT,Ezequiel,Ezequiel 1:28,Intermedio,¿Con qué comparó Ezequiel el resplandor de la visión?,A Con el arco que aparece en las nubes,B Con una estrella fugaz,C Con la luna llena,D Con una antorcha,A,Con el arco que aparece en las nubes,El profeta usa la imagen del arco en las nubes para describir el resplandor.,Revisar,No,No
QB0181,AT,Ezequiel,Ezequiel 3:17,Intermedio,¿Qué función recibió Ezequiel para la casa de Israel?,A Atalaya,B Rey,C Sacerdote principal,D Juez militar,A,Atalaya,Ezequiel fue llamado a advertir al pueblo como un vigilante.,Revisar,No,No
QB0182,AT,Ezequiel,Ezequiel 36:26,Basico,¿Qué promete Dios dar al pueblo en lugar de un corazón endurecido?,A Un corazón nuevo,B Una espada,C Un nuevo territorio,D Un nuevo rey,A,Un corazón nuevo,El pasaje habla de transformación interior mediante un corazón nuevo.,Revisar,No,No
QB0183,AT,Ezequiel,Ezequiel 37:5,Intermedio,¿Qué promete Dios hacer con los huesos secos?,A Hacer que reciban vida,B Enterrarlos,C Llevarlos a Egipto,D Convertirlos en piedra,A,Hacer que reciban vida,La visión usa los huesos secos como imagen de restauración y vida.,Revisar,No,No
QB0184,AT,Daniel,Daniel 1:8,Basico,¿Qué decidió Daniel respecto a la comida del rey?,A No contaminarse con ella,B Comer el doble,C Compartirla con soldados,D Venderla,A,No contaminarse con ella,Daniel decidió mantener sus convicciones respecto a la alimentación.,Revisar,No,No
QB0185,AT,Daniel,Daniel 3:25,Intermedio,¿Cuántas figuras vio el rey caminando dentro del fuego?,A Cuatro,B Tres,C Cinco,D Siete,A,Cuatro,El rey observó cuatro figuras en el horno aunque había enviado a tres hombres.,Revisar,No,No
QB0186,AT,Daniel,Daniel 6:22,Basico,¿Qué ocurrió con los leones cuando Daniel estuvo en el foso?,A Un ángel cerró sus bocas,B Se durmieron por casualidad,C Huyeron,D Fueron alimentados antes,A,Un ángel cerró sus bocas,Daniel atribuyó su protección a la intervención de un ángel.,Revisar,No,No
QB0187,AT,Daniel,Daniel 9:3,Intermedio,¿Qué hizo Daniel al buscar a Dios?,A Oró, ayunó y se humilló,B Organizó una fiesta,C Huyó de Babilonia,D Dejó de orar,A,Oró, ayunó y se humilló,Daniel buscó a Dios mediante oración y ayuno.,Revisar,No,No
QB0188,AT,Oseas,Oseas 1:2,Intermedio,¿Qué experiencia familiar se convirtió en parte del mensaje profético de Oseas?,A Su matrimonio,B Su coronación,C Su exilio a Egipto,D Su servicio militar,A,Su matrimonio,La vida familiar de Oseas fue usada simbólicamente en su mensaje.,Revisar,No,No
QB0189,AT,Oseas,Oseas 6:6,Intermedio,¿Qué prefiere Dios por encima de sacrificios externos?,A Misericordia y conocimiento de Dios,B Riquezas,C Grandes edificios,D Poder militar,A,Misericordia y conocimiento de Dios,El pasaje prioriza una relación auténtica y misericordiosa sobre rituales externos.,Revisar,No,No
QB0190,AT,Oseas,Oseas 14:4,Basico,¿Qué promete Dios respecto a la infidelidad del pueblo?,A Sanarla,B Ignorarla para siempre,C Castigarla sin posibilidad de restauración,D Convertirla en riqueza,A,Sanarla,El pasaje expresa una promesa de restauración y amor.,Revisar,No,No
QB0191,AT,Joel,Joel 2:12,Basico,¿Cómo invita Dios al pueblo a regresar a él?,A Con todo el corazón,B Con regalos costosos,C Mediante un ejército,D Solo con palabras,A,Con todo el corazón,El llamado de Joel es un retorno sincero y profundo.,Revisar,No,No
QB0192,AT,Joel,Joel 2:28,Intermedio,¿Qué promete Dios derramar sobre toda clase de personas?,A Su Espíritu,B Oro,C Lluvia de fuego,D Poder político,A,Su Espíritu,El pasaje anuncia una amplia efusión del Espíritu.,Revisar,No,No
QB0193,AT,Amós,Amós 5:24,Intermedio,¿Con qué imágenes se describe la justicia que Dios desea?,A Como aguas y un río caudaloso,B Como arena del desierto,C Como humo,D Como una muralla,A,Como aguas y un río caudaloso,El profeta usa imágenes de agua abundante para expresar justicia constante.,Revisar,No,No
QB0194,AT,Amós,Amós 7:8,Avanzado,¿Qué objeto aparece en la visión como medida para evaluar a Israel?,A Una plomada,B Una espada,C Un cetro,D Una balanza,A,Una plomada,La plomada simboliza una medida de rectitud y juicio.,Revisar,No,No
QB0195,AT,Abdías,Abdías 1:3,Intermedio,¿Qué actitud se denuncia en Edom?,A Orgullo,B Humildad,C Generosidad,D Paciencia,A,Orgullo,El mensaje denuncia la arrogancia de Edom.,Revisar,No,No
QB0196,AT,Abdías,Abdías 1:15,Basico,¿Qué principio se anuncia respecto al día del Señor?,A Lo que una nación haga volverá sobre ella,B Todos quedarán sin consecuencias,C Solo Israel será juzgado,D No habrá justicia,A,Lo que una nación haga volverá sobre ella,El pasaje expresa un principio de retribución y justicia.,Revisar,No,No
QB0197,AT,Jonás,Jonás 1:3,Basico,¿A dónde intentó huir Jonás en lugar de ir a Nínive?,A Tarsis,B Jerusalén,C Egipto,D Damasco,A,Tarsis,Jonás embarcó rumbo a Tarsis para evitar su misión.,Revisar,No,No
QB0198,AT,Jonás,Jonás 1:17,Basico,¿Qué ocurrió con Jonás después de ser lanzado al mar?,A Fue tragado por un gran pez,B Llegó nadando a Nínive,C Fue rescatado por marineros,D Murió inmediatamente,A,Fue tragado por un gran pez,El relato presenta un gran pez que preservó a Jonás.,Revisar,No,No
QB0199,AT,Jonás,Jonás 3:5,Intermedio,¿Cómo reaccionó la gente de Nínive al mensaje de Jonás?,A Creyó y proclamó ayuno,B Expulsó a Jonás,C Construyó un templo,D Ignoró la advertencia,A,Creyó y proclamó ayuno,La ciudad respondió con arrepentimiento y ayuno.,Revisar,No,No
QB0200,AT,Jonás,Jonás 4:2,Avanzado,¿Qué razón dio Jonás para explicar por qué había huido inicialmente?,A Sabía que Dios era compasivo y podía perdonar,B Temía al mar,C Quería ser rey,D No conocía Nínive,A,Sabía que Dios era compasivo y podía perdonar,Jonás reconoció que conocía el carácter compasivo de Dios.,Revisar,No,No
QB0201,AT,Miqueas,Miqueas 5:2,Intermedio,¿Qué pequeña localidad se menciona como origen de un futuro gobernante?,A Belén,B Jericó,C Betel,D Hebrón,A,Belén,El pasaje señala a Belén como lugar de procedencia de un gobernante.,Revisar,No,No
QB0202,AT,Miqueas,Miqueas 6:8,Basico,¿Qué pide Dios además de hacer justicia y amar misericordia?,A Caminar humildemente con él,B Acumular riquezas,C Construir fortalezas,D Vencer enemigos,A,Caminar humildemente con él,El texto resume una vida de justicia, misericordia y humildad.,Revisar,No,No
QB0203,AT,Nahúm,Nahúm 1:7,Basico,¿Cómo se describe a Dios en tiempos de angustia?,A Como refugio,B Como enemigo de todos,C Como distante,D Como indiferente,A,Como refugio,El pasaje presenta a Dios como bueno y protector de quienes confían en él.,Revisar,No,No
QB0204,AT,Habacuc,Habacuc 2:4,Basico,¿Cómo se dice que vivirá el justo?,A Por su fe,B Por su riqueza,C Por su fuerza,D Por su conocimiento,A,Por su fe,El texto relaciona la vida del justo con la fe.,Revisar,No,No
QB0205,AT,Habacuc,Habacuc 3:17,Intermedio,¿Qué actitud expresa el profeta aunque falten frutos y alimento?,A Alegrarse en Dios,B Abandonar toda esperanza,C Huir a Egipto,D Buscar otro dios,A,Alegrarse en Dios,El profeta expresa confianza y alegría en Dios aun en tiempos de escasez.,Revisar,No,No
QB0206,AT,Sofonías,Sofonías 3:17,Basico,¿Cómo se describe a Dios en medio de su pueblo?,A Como poderoso que salva y se goza,B Como un rey ausente,C Como un juez sin compasión,D Como un extranjero,A,Como poderoso que salva y se goza,El pasaje presenta a Dios cercano, salvador y gozoso por su pueblo.,Revisar,No,No
QB0207,AT,Hageo,Hageo 1:8,Intermedio,¿Qué pidió Dios al pueblo que reconstruyera?,A El templo,B La muralla de Jericó,C El palacio real,D El arca,A,El templo,Hageo exhortó a reconstruir la casa de Dios.,Revisar,No,No
QB0208,AT,Hageo,Hageo 2:9,Basico,¿Qué se afirma acerca de la gloria futura del templo?,A Que sería mayor que la anterior,B Que desaparecería,C Que sería igual a la de Egipto,D Que dependería de Babilonia,A,Que sería mayor que la anterior,El mensaje promete una gloria futura superior.,Revisar,No,No
QB0209,AT,Zacarías,Zacarías 4:6,Basico,¿Por qué medio se cumpliría la obra según el mensaje a Zorobabel?,A Por el Espíritu de Dios,B Por fuerza militar,C Por riqueza,D Por alianzas políticas,A,Por el Espíritu de Dios,El pasaje enfatiza dependencia del Espíritu más que del poder humano.,Revisar,No,No
QB0210,AT,Zacarías,Zacarías 9:9,Intermedio,¿Cómo se describe al rey que llega a Jerusalén?,A Humilde y montado en un asno,B Armado en un carro de guerra,C Vestido como sacerdote,D Llegando desde Egipto,A,Humilde y montado en un asno,El pasaje presenta un rey humilde que llega montado en un asno.,Revisar,No,No
QB0211,AT,Malaquías,Malaquías 3:1,Intermedio,¿Qué figura anuncia el texto antes de la venida del Señor?,A Un mensajero que prepara el camino,B Un rey extranjero,C Un ejército,D Un comerciante,A,Un mensajero que prepara el camino,El pasaje habla de un mensajero enviado para preparar el camino.,Revisar,No,No
QB0212,AT,Malaquías,Malaquías 3:10,Basico,¿Qué invita el texto a llevar al almacén?,A Los diezmos,B Armas,C Piedras,D Vestidos,A,Los diezmos,El pasaje exhorta a llevar los diezmos completos.,Revisar,No,No
QB0213,AT,Malaquías,Malaquías 4:2,Basico,¿Qué imagen se usa para quienes temen el nombre de Dios?,A El sol de justicia que trae sanidad,B Una tormenta,C Una muralla,D Una espada,A,El sol de justicia que trae sanidad,El pasaje usa la imagen del sol de justicia como esperanza de restauración.,Revisar,No,No
QB0214,NT,Mateo,Mateo 1:21,Basico,¿Qué nombre debía recibir el hijo de María?,A Jesús,B Juan,C Pedro,D José,A,Jesús,El mensaje indicó que el niño sería llamado Jesús.,Revisar,No,No
QB0215,NT,Mateo,Mateo 2:11,Basico,¿Qué regalos llevaron los visitantes de oriente al niño?,A Oro, incienso y mirra,B Plata, aceite y trigo,C Pan, vino y miel,D Piedras preciosas únicamente,A,Oro, incienso y mirra,El relato menciona tres tipos de regalos ofrecidos al niño.,Revisar,No,No
QB0216,NT,Mateo,Mateo 3:13,Basico,¿Quién bautizó a Jesús en el Jordán?,A Juan el Bautista,B Pedro,C Andrés,D Santiago,A,Juan el Bautista,Jesús acudió a Juan para ser bautizado.,Revisar,No,No
QB0217,NT,Mateo,Mateo 4:1,Intermedio,¿A dónde fue llevado Jesús para ser tentado?,A Al desierto,B A Jerusalén,C A Nazaret,D A Betania,A,Al desierto,Después de su bautismo Jesús fue llevado al desierto.,Revisar,No,No
QB0218,NT,Mateo,Mateo 5:3,Basico,¿A quiénes llama bienaventurados Jesús al inicio del sermón del monte?,A A los pobres en espíritu,B A los ricos,C A los soldados,D A los gobernantes,A,A los pobres en espíritu,Las bienaventuranzas comienzan destacando a los pobres en espíritu.,Revisar,No,No
QB0219,NT,Mateo,Mateo 6:9,Intermedio,¿Cómo comienza la oración modelo enseñada por Jesús?,A Dirigiéndose al Padre que está en los cielos,B Pidiendo riquezas,C Solicitando poder político,D Nombrando a los discípulos,A,Dirigiéndose al Padre que está en los cielos,Jesús enseña a comenzar la oración reconociendo a Dios como Padre.,Revisar,No,No
QB0220,NT,Mateo,Mateo 7:24,Intermedio,¿Con quién compara Jesús a quien escucha y practica sus palabras?,A Con un hombre prudente que edificó sobre roca,B Con un pescador,C Con un rey,D Con un agricultor,A,Con un hombre prudente que edificó sobre roca,La parábola presenta la obediencia como fundamento firme.,Revisar,No,No
QB0221,NT,Mateo,Mateo 8:26,Basico,¿Qué hizo Jesús durante la tormenta en el mar?,A Reprendió los vientos y el mar,B Saltó al agua,C Ordenó regresar a la costa,D Se escondió,A,Reprendió los vientos y el mar,Jesús calmó la tormenta y mostró autoridad sobre el mar.,Revisar,No,No
QB0222,NT,Mateo,Mateo 9:9,Basico,¿Qué oficio tenía Mateo cuando Jesús lo llamó?,A Recaudador de impuestos,B Pescador,C Carpintero,D Soldado,A,Recaudador de impuestos,Mateo estaba sentado en el lugar de recaudación cuando fue llamado.,Revisar,No,No
QB0223,NT,Mateo,Mateo 10:2,Basico,¿Quién aparece primero en la lista de los doce apóstoles?,A Pedro,B Juan,C Santiago,D Andrés,A,Pedro,La lista comienza con Simón llamado Pedro.,Revisar,No,No
QB0224,NT,Mateo,Mateo 11:28,Basico,¿A quién invita Jesús a acercarse para recibir descanso?,A A quienes están cansados y cargados,B Solo a los sacerdotes,C Solo a los ricos,D Solo a los discípulos,A,A quienes están cansados y cargados,Jesús ofrece descanso a quienes llevan cargas pesadas.,Revisar,No,No
QB0225,NT,Mateo,Mateo 13:3,Intermedio,¿Qué figura central aparece en la parábola del sembrador?,A Un sembrador que esparce semilla,B Un pastor con ovejas,C Un rey con soldados,D Un comerciante,A,Un sembrador que esparce semilla,La parábola utiliza la imagen de semillas que caen en distintos terrenos.,Revisar,No,No
QB0226,NT,Mateo,Mateo 14:19,Basico,¿Qué alimentos usó Jesús para alimentar a una multitud?,A Cinco panes y dos peces,B Siete panes y siete peces,C Doce panes,D Un solo pez,A,Cinco panes y dos peces,El relato comienza con cinco panes y dos peces antes de la multiplicación.,Revisar,No,No
QB0227,NT,Mateo,Mateo 16:16,Intermedio,¿Cómo identificó Pedro a Jesús?,A Como el Cristo, el Hijo del Dios viviente,B Como un rey romano,C Como Juan el Bautista,D Como un sacerdote,A,Como el Cristo, el Hijo del Dios viviente,Pedro confesó la identidad mesiánica de Jesús.,Revisar,No,No
QB0228,NT,Mateo,Mateo 17:2,Intermedio,¿Qué ocurrió con Jesús en la transfiguración?,A Su aspecto cambió y su rostro resplandeció,B Desapareció,C Se convirtió en niño,D Se durmió,A,Su aspecto cambió y su rostro resplandeció,La transfiguración mostró un cambio visible en la apariencia de Jesús.,Revisar,No,No
QB0229,NT,Mateo,Mateo 18:21,Intermedio,¿Qué pregunta planteó Pedro acerca del perdón?,A Cuántas veces debía perdonar a su hermano,B Cómo construir el templo,C Cuándo llegaría el reino,D Cómo sanar enfermos,A,Cuántas veces debía perdonar a su hermano,Pedro preguntó sobre el límite del perdón.,Revisar,No,No
QB0230,NT,Mateo,Mateo 19:14,Basico,¿A quiénes dijo Jesús que dejaran acercarse a él?,A A los niños,B A los soldados,C A los comerciantes,D A los sacerdotes,A,A los niños,Jesús recibió a los niños y los presentó como ejemplo del reino.,Revisar,No,No
QB0231,NT,Mateo,Mateo 20:28,Intermedio,¿Cómo explicó Jesús el propósito de su venida?,A Servir y dar su vida por muchos,B Gobernar políticamente,C Reunir riquezas,D Evitar el sufrimiento,A,Servir y dar su vida por muchos,Jesús presentó el servicio y la entrega como rasgos centrales de su misión.,Revisar,No,No
QB0232,NT,Mateo,Mateo 21:9,Basico,¿Qué expresión gritaba la multitud durante la entrada de Jesús en Jerusalén?,A Hosanna,B Aleluya únicamente,C Gloria a César,D Viva Herodes,A,Hosanna,La multitud recibió a Jesús con aclamaciones de hosanna.,Revisar,No,No
QB0233,NT,Mateo,Mateo 22:37,Intermedio,¿Cuál es el mandamiento principal señalado por Jesús?,A Amar a Dios con todo el ser,B Ayunar todos los días,C Viajar a Jerusalén,D Evitar a los demás,A,Amar a Dios con todo el ser,Jesús resumió la ley destacando el amor total a Dios.,Revisar,No,No
QB0234,NT,Mateo,Mateo 24:42,Intermedio,¿Qué actitud pide Jesús ante la incertidumbre del momento futuro?,A Mantenerse vigilantes,B Dormir más,C Abandonar responsabilidades,D Fijar una fecha,A,Mantenerse vigilantes,Jesús exhorta a permanecer atentos porque no se conoce el momento.,Revisar,No,No
QB0235,NT,Mateo,Mateo 25:40,Intermedio,¿Con quién identifica Jesús el servicio hecho a los más pequeños?,A Con él mismo,B Con los gobernantes,C Con los ángeles,D Con los sacerdotes,A,Con él mismo,El pasaje relaciona el cuidado de los necesitados con el servicio a Jesús.,Revisar,No,No
QB0236,NT,Mateo,Mateo 26:26,Basico,¿Qué alimento tomó Jesús durante la cena y dio a sus discípulos?,A Pan,B Pescado,C Miel,D Fruta,A,Pan,Durante la cena Jesús tomó pan y lo compartió con sus discípulos.,Revisar,No,No
QB0237,NT,Mateo,Mateo 26:75,Intermedio,¿Qué recordó Pedro después de negar a Jesús tres veces?,A La advertencia de Jesús,B Una profecía de Isaías,C Una conversación con Juan,D Una orden de Pilato,A,La advertencia de Jesús,Pedro recordó que Jesús había anunciado sus tres negaciones.,Revisar,No,No
QB0238,NT,Mateo,Mateo 27:35,Basico,¿Qué hicieron los soldados con las ropas de Jesús después de crucificarlo?,A Las repartieron echando suertes,B Las quemaron,C Las entregaron a Pedro,D Las guardaron en el templo,A,Las repartieron echando suertes,Los soldados distribuyeron las prendas mediante suertes.,Revisar,No,No
QB0239,NT,Mateo,Mateo 28:6,Basico,¿Qué anuncio recibieron las mujeres en la tumba?,A Que Jesús había resucitado,B Que el cuerpo había sido trasladado,C Que regresaran a Galilea sin hablar,D Que la tumba permanecería cerrada,A,Que Jesús había resucitado,El mensaje en la tumba anunció la resurrección de Jesús.,Revisar,No,No
QB0240,NT,Mateo,Mateo 28:19,Intermedio,¿Qué misión dio Jesús a sus discípulos?,A Hacer discípulos de todas las naciones,B Construir un reino político,C Regresar a sus hogares,D Permanecer siempre en Jerusalén,A,Hacer discípulos de todas las naciones,Jesús encargó una misión de alcance universal.,Revisar,No,No
QB0241,NT,Marcos,Marcos 1:17,Basico,¿Qué invitación hizo Jesús a Simón y Andrés?,A Seguirle y convertirse en pescadores de personas,B Volver a sus casas,C Construir una sinagoga,D Viajar a Jerusalén,A,Seguirle y convertirse en pescadores de personas,Jesús llamó a los pescadores a seguirle y participar en su misión.,Revisar,No,No
QB0242,NT,Marcos,Marcos 2:5,Intermedio,¿Qué declaró Jesús al paralítico antes de sanarlo físicamente?,A Que sus pecados eran perdonados,B Que debía viajar,C Que debía pagar una ofrenda,D Que debía esperar,A,Que sus pecados eran perdonados,Jesús comenzó el encuentro declarando perdón al paralítico.,Revisar,No,No
QB0243,NT,Marcos,Marcos 4:39,Basico,¿Qué hizo Jesús frente a la tormenta?,A Reprendió el viento y ordenó calma al mar,B Abandonó la barca,C Pidió ayuda a otra embarcación,D Se escondió,A,Reprendió el viento y ordenó calma al mar,Jesús calmó el viento y el mar.,Revisar,No,No
QB0244,NT,Marcos,Marcos 5:41,Intermedio,¿A quién se dirigió Jesús con una orden para levantarse?,A A la hija de Jairo,B A María Magdalena,C A Marta,D A la viuda de Naín,A,A la hija de Jairo,Jesús tomó a la niña de la mano y le ordenó levantarse.,Revisar,No,No
QB0245,NT,Marcos,Marcos 6:41,Basico,¿Qué hizo Jesús con los cinco panes y dos peces antes de repartirlos?,A Dio gracias y los partió,B Los guardó,C Los vendió,D Los entregó sin más,A,Dio gracias y los partió,Jesús bendijo los alimentos antes de distribuirlos.,Revisar,No,No
QB0246,NT,Marcos,Marcos 8:29,Intermedio,¿Qué respondió Pedro cuando Jesús preguntó quién creían que era?,A El Cristo,B Juan el Bautista,C Elías,D Jeremías,A,El Cristo,Pedro confesó a Jesús como el Cristo.,Revisar,No,No
QB0247,NT,Marcos,Marcos 9:2,Intermedio,¿Quiénes acompañaron a Jesús en la transfiguración?,A Pedro, Santiago y Juan,B Mateo, Tomás y Felipe,C Andrés, Bartolomé y Judas,D Pedro, Andrés y Mateo,A,Pedro, Santiago y Juan,Jesús llevó consigo a esos tres discípulos al monte.,Revisar,No,No
QB0248,NT,Marcos,Marcos 10:45,Intermedio,¿Qué contraste presenta Jesús acerca de su misión?,A Vino a servir, no a ser servido,B Vino a gobernar, no a enseñar,C Vino a recibir riquezas,D Vino a evitar a las multitudes,A,Vino a servir, no a ser servido,Jesús se presenta como modelo de servicio y entrega.,Revisar,No,No
QB0249,NT,Marcos,Marcos 11:15,Basico,¿Qué hizo Jesús al entrar en el templo?,A Expulsó a quienes compraban y vendían,B Se escondió,C Construyó un altar,D Nombró sacerdotes,A,Expulsó a quienes compraban y vendían,Jesús actuó contra las prácticas comerciales dentro del templo.,Revisar,No,No
QB0250,NT,Marcos,Marcos 12:30,Intermedio,¿Cómo debe amarse a Dios según Jesús?,A Con todo el corazón, alma, mente y fuerzas,B Solo con palabras,C Solo con sacrificios,D Únicamente en el templo,A,Con todo el corazón, alma, mente y fuerzas,Jesús resume el amor a Dios como una entrega integral.,Revisar,No,No
QB0251,NT,Marcos,Marcos 14:36,Avanzado,¿Cómo expresa Jesús su oración en Getsemaní respecto a la voluntad divina?,A Pide que se cumpla la voluntad del Padre,B Rechaza toda obediencia,C Exige una salida inmediata,D Decide abandonar a los discípulos,A,Pide que se cumpla la voluntad del Padre,Jesús expresa angustia pero se somete a la voluntad del Padre.,Revisar,No,No
QB0252,NT,Marcos,Marcos 15:39,Intermedio,¿Qué confesión hizo el centurión al ver cómo murió Jesús?,A Que verdaderamente era Hijo de Dios,B Que era un profeta menor,C Que era un rey romano,D Que era sacerdote,A,Que verdaderamente era Hijo de Dios,El centurión reconoció una identidad especial en Jesús al presenciar su muerte.,Revisar,No,No
QB0253,NT,Marcos,Marcos 16:6,Basico,¿Qué anuncio recibió el grupo que llegó al sepulcro?,A Que Jesús había resucitado,B Que el cuerpo estaba en otra ciudad,C Que la tumba estaba vacía por robo,D Que debían esperar tres días,A,Que Jesús había resucitado,El mensaje en la tumba anunció que Jesús había resucitado.,Revisar,No,No
QB0254,NT,Lucas,Lucas 1:13,Basico,¿Qué nombre debía ponerse al hijo de Zacarías y Elisabet?,A Juan,B Jesús,C Pedro,D Santiago,A,Juan,El mensajero indicó que el niño sería llamado Juan.,Revisar,No,No
QB0255,NT,Lucas,Lucas 1:31,Basico,¿Qué nombre debía poner María a su hijo?,A Jesús,B Juan,C José,D Emanuel únicamente,A,Jesús,El anuncio indicó que María llamaría Jesús a su hijo.,Revisar,No,No
QB0256,NT,Lucas,Lucas 2:7,Basico,¿Dónde fue acostado el recién nacido Jesús?,A En un pesebre,B En un palacio,C En el templo,D En una casa rica,A,En un pesebre,Jesús fue acostado en un pesebre porque no había lugar disponible.,Revisar,No,No
QB0257,NT,Lucas,Lucas 2:14,Intermedio,¿Qué anuncio acompañó la alabanza celestial en el nacimiento?,A Gloria a Dios y paz en la tierra,B Victoria militar,C Riqueza para Jerusalén,D Fin del imperio romano,A,Gloria a Dios y paz en la tierra,La alabanza celestial relaciona gloria a Dios con paz.,Revisar,No,No
QB0258,NT,Lucas,Lucas 4:18,Intermedio,¿Qué misión describe Jesús al leer en la sinagoga?,A Anunciar buenas noticias y libertad,B Organizar un ejército,C Construir un palacio,D Recaudar impuestos,A,Anunciar buenas noticias y libertad,Jesús aplicó a su misión un texto profético sobre buenas noticias y liberación.,Revisar,No,No
QB0259,NT,Lucas,Lucas 5:10,Basico,¿Qué nueva tarea anunció Jesús a Simón?,A Pescar personas,B Construir barcos,C Gobernar Galilea,D Escribir un libro,A,Pescar personas,Jesús transformó la imagen de su oficio en una misión de alcance humano.,Revisar,No,No
QB0260,NT,Lucas,Lucas 6:27,Intermedio,¿Qué pide Jesús respecto a los enemigos?,A Amarlos y hacer bien,B Evitarlos siempre,C Vengarse,D Ignorarlos,A,Amarlos y hacer bien,Jesús enseña una respuesta de amor incluso hacia los enemigos.,Revisar,No,No
QB0261,NT,Lucas,Lucas 7:47,Intermedio,¿Qué relación establece Jesús entre perdón y amor en la mujer que lo ungió?,A Quien recibe mucho perdón muestra mucho amor,B El amor elimina toda responsabilidad,C El perdón depende de riqueza,D El amor no tiene relación con el perdón,A,Quien recibe mucho perdón muestra mucho amor,Jesús relaciona la conciencia del perdón recibido con una respuesta de amor.,Revisar,No,No
QB0262,NT,Lucas,Lucas 8:24,Basico,¿Qué hicieron los discípulos durante la tormenta?,A Despertaron a Jesús,B Saltaron de la barca,C Regresaron nadando,D Abandonaron el barco,A,Despertaron a Jesús,Los discípulos despertaron a Jesús ante el peligro.,Revisar,No,No
QB0263,NT,Lucas,Lucas 9:20,Intermedio,¿Cómo respondió Pedro cuando Jesús preguntó quién era?,A El Cristo de Dios,B Juan el Bautista,C Elías,D Un profeta cualquiera,A,El Cristo de Dios,Pedro identificó a Jesús como el Cristo de Dios.,Revisar,No,No
QB0264,NT,Lucas,Lucas 10:33,Intermedio,¿Quién mostró compasión al hombre herido en la parábola?,A Un samaritano,B Un sacerdote,C Un levita,D Un soldado,A,Un samaritano,El samaritano se detuvo y cuidó al herido.,Revisar,No,No
QB0265,NT,Lucas,Lucas 11:2,Basico,¿A quién se dirige la oración enseñada por Jesús?,A Al Padre,B A Moisés,C A Abraham,D A los ángeles,A,Al Padre,Jesús enseña a comenzar la oración dirigiéndose al Padre.,Revisar,No,No
QB0266,NT,Lucas,Lucas 12:15,Intermedio,¿Contra qué advierte Jesús?,A Contra toda clase de codicia,B Contra la amistad,C Contra el trabajo,D Contra la generosidad,A,Contra toda clase de codicia,Jesús advierte que la vida no depende de la abundancia de bienes.,Revisar,No,No
QB0267,NT,Lucas,Lucas 15:20,Basico,¿Cómo recibió el padre al hijo que regresaba?,A Corrió, lo abrazó y lo recibió,B Lo expulsó,C Lo ignoró,D Lo envió a trabajar primero,A,Corrió, lo abrazó y lo recibió,La parábola presenta una acogida compasiva al hijo que regresa.,Revisar,No,No
QB0268,NT,Lucas,Lucas 17:15,Intermedio,¿Cuántos de los diez sanados regresó para dar gracias?,A Uno,B Dos,C Cinco,D Diez,A,Uno,Solo uno regresó para agradecer.,Revisar,No,No
QB0269,NT,Lucas,Lucas 18:13,Intermedio,¿Qué actitud mostró el recaudador de impuestos en la parábola?,A Humildad y petición de misericordia,B Orgullo,C Indiferencia,D Alegría por sus logros,A,Humildad y petición de misericordia,El recaudador reconoció su necesidad de misericordia.,Revisar,No,No
QB0270,NT,Lucas,Lucas 19:8,Basico,¿Qué decidió hacer Zaqueo después de recibir a Jesús?,A Dar a los pobres y reparar el fraude,B Abandonar Jericó,C Convertirse en sacerdote,D Dejar de trabajar,A,Dar a los pobres y reparar el fraude,La respuesta de Zaqueo incluyó generosidad y restitución.,Revisar,No,No
QB0271,NT,Lucas,Lucas 22:19,Basico,¿Qué alimento compartió Jesús diciendo que representaba su cuerpo?,A Pan,B Pescado,C Miel,D Uvas,A,Pan,Durante la cena Jesús usó el pan como signo relacionado con su cuerpo.,Revisar,No,No
QB0272,NT,Lucas,Lucas 22:61,Intermedio,¿Qué ocurrió justo antes de que Pedro recordara la advertencia de Jesús?,A Jesús lo miró,B Un ángel apareció,C Juan habló con él,D El templo se abrió,A,Jesús lo miró,La mirada de Jesús precedió al recuerdo de Pedro y su arrepentimiento.,Revisar,No,No
QB0273,NT,Lucas,Lucas 23:43,Intermedio,¿Qué esperanza expresó Jesús al hombre crucificado junto a él que pidió ser recordado?,A Que estaría con él en el paraíso,B Que sería liberado inmediatamente,C Que volvería a Jerusalén,D Que se convertiría en sacerdote,A,Que estaría con él en el paraíso,Jesús respondió con una promesa de comunión y esperanza.,Revisar,No,No
QB0274,NT,Lucas,Lucas 24:6,Basico,¿Qué recordaron las mujeres en la tumba?,A Que Jesús había anunciado su resurrección,B Que Pedro sería rey,C Que Jerusalén sería destruida ese día,D Que debían regresar a Belén,A,Que Jesús había anunciado su resurrección,El mensaje en la tumba les recordó las palabras previas de Jesús.,Revisar,No,No
QB0275,NT,Lucas,Lucas 24:32,Intermedio,¿Qué comentaron los dos discípulos después de reconocer a Jesús?,A Que su corazón ardía mientras les explicaba las Escrituras,B Que no entendieron nada,C Que debían huir,D Que regresarían a casa,A,Que su corazón ardía mientras les explicaba las Escrituras,Los discípulos relacionaron su experiencia interior con la explicación de las Escrituras.,Revisar,No,No
QB0276,NT,Juan,Juan 1:1,Intermedio,¿Qué afirma el inicio del evangelio acerca del Verbo?,A Que estaba con Dios y era Dios,B Que fue creado por Juan,C Que era un ángel,D Que apareció por primera vez en Belén,A,Que estaba con Dios y era Dios,El prólogo presenta al Verbo en relación eterna con Dios.,Revisar,No,No
QB0277,NT,Juan,Juan 1:29,Basico,¿Cómo identificó Juan el Bautista a Jesús?,A Como el Cordero de Dios,B Como un rey romano,C Como sacerdote del templo,D Como escriba,A,Como el Cordero de Dios,Juan usa la imagen del Cordero de Dios para referirse a Jesús.,Revisar,No,No
QB0278,NT,Juan,Juan 2:7,Basico,¿Qué pidió Jesús que llenaran los sirvientes en Caná?,A Tinajas con agua,B Cestas con pan,C Vasijas con aceite,D Copas con vino,A,Tinajas con agua,Jesús indicó llenar de agua las tinajas antes de la señal realizada.,Revisar,No,No
QB0279,NT,Juan,Juan 3:16,Basico,¿Qué motivó a Dios a dar a su Hijo según el pasaje?,A Su amor por el mundo,B El poder político,C La riqueza de Israel,D La obediencia de Roma,A,Su amor por el mundo,El pasaje presenta el amor de Dios como motivo de su entrega.,Revisar,No,No
QB0280,NT,Juan,Juan 4:14,Intermedio,¿Qué imagen usa Jesús para describir la vida que ofrece?,A Agua que se convierte en fuente interior,B Pan del templo,C Fuego del altar,D Una corona,A,Agua que se convierte en fuente interior,Jesús utiliza la imagen del agua viva para hablar de vida duradera.,Revisar,No,No
QB0281,NT,Juan,Juan 5:8,Basico,¿Qué orden recibió el hombre enfermo junto al estanque?,A Levantarse, tomar su camilla y caminar,B Ir al templo,C Esperar otro día,D Buscar a un sacerdote,A,Levantarse, tomar su camilla y caminar,Jesús ordenó al hombre levantarse y caminar.,Revisar,No,No
QB0282,NT,Juan,Juan 6:35,Basico,¿Con qué se identifica Jesús para hablar de vida espiritual?,A El pan de vida,B El árbol de vida,C La roca,D El aceite,A,El pan de vida,Jesús usa la imagen del pan para expresar que satisface la necesidad espiritual.,Revisar,No,No
QB0283,NT,Juan,Juan 8:12,Basico,¿Con qué se identifica Jesús en relación con quienes lo siguen?,A La luz del mundo,B La puerta del templo,C La espada,D La nube,A,La luz del mundo,Jesús se presenta como luz que guía fuera de las tinieblas.,Revisar,No,No
QB0284,NT,Juan,Juan 10:11,Basico,¿Con qué figura se identifica Jesús?,A El buen pastor,B El agricultor,C El pescador,D El juez,A,El buen pastor,Jesús utiliza la imagen del buen pastor que cuida a sus ovejas.,Revisar,No,No
QB0285,NT,Juan,Juan 11:25,Intermedio,¿Cómo se presenta Jesús ante Marta?,A Como la resurrección y la vida,B Como un profeta menor,C Como un rey temporal,D Como un sacerdote levítico,A,Como la resurrección y la vida,Jesús relaciona su persona con resurrección y vida.,Revisar,No,No
QB0286,NT,Juan,Juan 13:34,Basico,¿Qué mandamiento nuevo dio Jesús a sus discípulos?,A Amarse unos a otros,B Construir un templo,C Guardar silencio,D Ayunar cada día,A,Amarse unos a otros,Jesús manda a sus discípulos amarse siguiendo su propio ejemplo.,Revisar,No,No
QB0287,NT,Juan,Juan 14:6,Basico,¿Cómo se describe Jesús a sí mismo?,A Camino, verdad y vida,B Rey, sacerdote y soldado,C Maestro, escriba y juez,D Luz, fuego y agua,A,Camino, verdad y vida,Jesús se presenta como camino, verdad y vida.,Revisar,No,No
QB0288,NT,Juan,Juan 15:5,Intermedio,¿Qué imagen usa Jesús para describir la relación con sus discípulos?,A La vid y las ramas,B El pastor y el rebaño,C El sembrador y la semilla,D El rey y sus soldados,A,La vid y las ramas,La imagen de la vid expresa dependencia y permanencia.,Revisar,No,No
QB0289,NT,Juan,Juan 16:13,Intermedio,¿Qué función atribuye Jesús al Espíritu de verdad?,A Guiar a toda verdad,B Reemplazar a los discípulos,C Gobernar Roma,D Construir templos,A,Guiar a toda verdad,El Espíritu de verdad es presentado como guía para los discípulos.,Revisar,No,No
QB0290,NT,Juan,Juan 17:21,Intermedio,¿Qué pidió Jesús respecto a la unidad de sus seguidores?,A Que fueran uno,B Que formaran ejércitos,C Que evitaran toda relación,D Que vivieran separados,A,Que fueran uno,La oración de Jesús incluye una petición de unidad entre sus seguidores.,Revisar,No,No
QB0291,NT,Juan,Juan 18:36,Avanzado,¿Qué afirmó Jesús acerca de su reino ante Pilato?,A Que no era de este mundo,B Que estaba limitado a Jerusalén,C Que dependía del ejército,D Que pertenecía a Roma,A,Que no era de este mundo,Jesús distinguió su reino de los sistemas políticos de este mundo.,Revisar,No,No
QB0292,NT,Juan,Juan 19:30,Basico,¿Qué expresó Jesús antes de morir en la cruz?,A Que todo estaba cumplido,B Que escaparía,C Que llamaran a Pedro,D Que volvería a Galilea,A,Que todo estaba cumplido,El relato presenta una declaración de culminación antes de su muerte.,Revisar,No,No
QB0293,NT,Juan,Juan 20:28,Intermedio,¿Cómo respondió Tomás al ver a Jesús resucitado?,A "Señor mío y Dios mío",B "Maestro de Israel",C "Profeta de Galilea",D "Rey de Roma",A,"Señor mío y Dios mío",Tomás respondió con una confesión directa acerca de Jesús.,Revisar,No,No
QB0294,NT,Juan,Juan 21:17,Intermedio,¿Qué encargo recibió Pedro después de afirmar su amor por Jesús?,A Cuidar de sus ovejas,B Volver a pescar únicamente,C Construir una sinagoga,D Viajar a Roma inmediatamente,A,Cuidar de sus ovejas,Jesús relacionó el amor de Pedro con el cuidado de sus seguidores.,Revisar,No,No
QB0295,NT,Hechos,Hechos 1:8,Basico,¿Qué recibirían los discípulos para ser testigos?,A Poder al venir el Espíritu Santo,B Riquezas,C Un ejército,D Autoridad política,A,Poder al venir el Espíritu Santo,El Espíritu Santo es presentado como fuente de poder para la misión.,Revisar,No,No
QB0296,NT,Hechos,Hechos 2:4,Basico,¿Qué ocurrió con los discípulos en Pentecostés?,A Fueron llenos del Espíritu Santo,B Salieron de Jerusalén definitivamente,C Eligieron un rey,D Construyeron un templo,A,Fueron llenos del Espíritu Santo,El relato describe la venida del Espíritu Santo sobre los discípulos.,Revisar,No,No
QB0297,NT,Hechos,Hechos 2:41,Intermedio,¿Aproximadamente cuántas personas se añadieron después del mensaje de Pedro?,A Tres mil,B Trescientas,C Cinco mil,D Doce mil,A,Tres mil,El relato menciona alrededor de tres mil personas añadidas ese día.,Revisar,No,No
QB0298,NT,Hechos,Hechos 3:6,Basico,¿Qué ofreció Pedro al hombre que no podía caminar en lugar de plata u oro?,A Sanidad en el nombre de Jesús,B Una moneda,C Un trabajo,D Comida,A,Sanidad en el nombre de Jesús,Pedro actuó en el nombre de Jesús y el hombre fue sanado.,Revisar,No,No
QB0299,NT,Hechos,Hechos 4:12,Intermedio,¿Qué afirma Pedro acerca de la salvación?,A Que se encuentra en Jesús,B Que depende del templo,C Que pertenece solo a Israel,D Que requiere riqueza,A,Que se encuentra en Jesús,Pedro presenta a Jesús como único fundamento de salvación.,Revisar,No,No
QB0300,NT,Hechos,Hechos 5:29,Basico,¿Qué principio expresó Pedro ante las autoridades?,A Obedecer a Dios antes que a los seres humanos,B Obedecer siempre al gobierno,C Evitar toda predicación,D Permanecer en silencio,A,Obedecer a Dios antes que a los seres humanos,Pedro afirmó que la obediencia a Dios tenía prioridad.,Revisar,No,No
QB0301,NT,Hechos,Hechos 6:5,Basico,¿Quién fue uno de los siete escogidos para servir?,A Esteban,B Bernabé,C Pablo,D Marcos,A,Esteban,Esteban aparece entre los siete seleccionados para esta tarea.,Revisar,No,No
QB0302,NT,Hechos,Hechos 7:59,Intermedio,¿Qué hizo Esteban mientras era apedreado?,A Oró a Jesús,B Huyó,C Maldijo a sus agresores,D Permaneció en silencio,A,Oró a Jesús,Esteban oró mientras enfrentaba la muerte.,Revisar,No,No
QB0303,NT,Hechos,Hechos 8:30,Intermedio,¿A quién encontró Felipe leyendo al profeta Isaías?,A A un funcionario etíope,B A un soldado romano,C A un sacerdote judío,D A un comerciante griego,A,A un funcionario etíope,Felipe se acercó a un funcionario etíope que leía Isaías.,Revisar,No,No
QB0304,NT,Hechos,Hechos 9:3,Basico,¿Qué ocurrió a Saulo cerca de Damasco?,A Una luz del cielo lo rodeó,B Fue arrestado,C Encontró a Pedro,D Entró en el templo,A,Una luz del cielo lo rodeó,El encuentro de Saulo comenzó con una luz intensa del cielo.,Revisar,No,No
QB0305,NT,Hechos,Hechos 9:17,Intermedio,¿Quién fue enviado para visitar a Saulo en Damasco?,A Ananías,B Bernabé,C Pedro,D Esteban,A,Ananías,Ananías recibió la misión de ir a Saulo.,Revisar,No,No
QB0306,NT,Hechos,Hechos 10:34,Intermedio,¿Qué comprendió Pedro acerca de Dios después de su encuentro con Cornelio?,A Que no muestra favoritismo entre personas,B Que solo acepta a judíos,C Que evita a los extranjeros,D Que solo escucha a sacerdotes,A,Que no muestra favoritismo entre personas,Pedro reconoció que Dios no hace distinciones arbitrarias entre personas.,Revisar,No,No
QB0307,NT,Hechos,Hechos 11:26,Basico,¿Dónde fueron llamados cristianos por primera vez los discípulos?,A Antioquía,B Jerusalén,C Roma,D Éfeso,A,Antioquía,El nombre cristianos aparece asociado por primera vez con Antioquía.,Revisar,No,No
QB0308,NT,Hechos,Hechos 12:7,Basico,¿Qué ocurrió con Pedro en la prisión?,A Un ángel lo liberó,B Fue trasladado a Roma,C Permaneció preso varios años,D Herodes lo perdonó,A,Un ángel lo liberó,El relato describe una liberación extraordinaria de Pedro mediante un ángel.,Revisar,No,No
QB0309,NT,Hechos,Hechos 13:2,Intermedio,¿A quiénes apartó el Espíritu Santo para una obra especial?,A Bernabé y Saulo,B Pedro y Juan,C Santiago y Andrés,D Felipe y Esteban,A,Bernabé y Saulo,La comunidad apartó a Bernabé y Saulo para la misión indicada.,Revisar,No,No
QB0310,NT,Hechos,Hechos 14:11,Avanzado,¿Cómo reaccionó la multitud de Listra después de la sanidad realizada por Pablo?,A Pensó que los dioses habían descendido en forma humana,B Los expulsó,C Los entregó a Roma,D Los ignoró,A,Pensó que los dioses habían descendido en forma humana,La multitud interpretó el milagro según sus propias creencias paganas.,Revisar,No,No
QB0311,NT,Hechos,Hechos 15:19,Intermedio,¿Qué postura propuso Santiago respecto a los gentiles que se convertían?,A No imponerles cargas innecesarias,B Exigirles convertirse culturalmente en judíos,C Prohibirles entrar a la iglesia,D Enviarlos de regreso,A,No imponerles cargas innecesarias,El concilio buscó no dificultar la incorporación de los gentiles creyentes.,Revisar,No,No
QB0312,NT,Hechos,Hechos 16:14,Basico,¿Quién escuchó el mensaje de Pablo junto al río en Filipos?,A Lidia,B Priscila,C Dorcas,D María,A,Lidia,Lidia escuchó el mensaje y respondió favorablemente.,Revisar,No,No
QB0313,NT,Hechos,Hechos 16:25,Intermedio,¿Qué hacían Pablo y Silas en la cárcel a medianoche?,A Oraban y cantaban himnos,B Dormían,C Discutían,D Planeaban escapar,A,Oraban y cantaban himnos,Su respuesta al encarcelamiento fue oración y alabanza.,Revisar,No,No
QB0314,NT,Hechos,Hechos 17:11,Intermedio,¿Qué actitud caracterizó a los habitantes de Berea?,A Examinaban las Escrituras diariamente,B Rechazaban toda enseñanza,C Evitaban a Pablo,D Seguían solo tradiciones orales,A,Examinaban las Escrituras diariamente,Los bereanos verificaban cuidadosamente lo que escuchaban.,Revisar,No,No
QB0315,NT,Hechos,Hechos 18:26,Intermedio,¿Qué matrimonio ayudó a Apolos a comprender con mayor precisión el camino de Dios?,A Priscila y Aquila,B Ananías y Safira,C José y María,D Félix y Drusila,A,Priscila y Aquila,Priscila y Aquila explicaron más completamente el mensaje a Apolos.,Revisar,No,No
QB0316,NT,Hechos,Hechos 19:11,Intermedio,¿Qué clase de obras extraordinarias se atribuyen a Dios por medio de Pablo en Éfeso?,A Milagros extraordinarios,B Conquistas militares,C Construcciones,D Negociaciones políticas,A,Milagros extraordinarios,El relato atribuye a Dios milagros extraordinarios por medio de Pablo.,Revisar,No,No
QB0317,NT,Hechos,Hechos 20:24,Avanzado,¿Qué prioridad expresa Pablo respecto a su vida?,A Completar la misión recibida de Jesús,B Evitar todo sufrimiento,C Acumular riqueza,D Regresar a Tarso,A,Completar la misión recibida de Jesús,Pablo considera más importante cumplir su misión que preservar su comodidad personal.,Revisar,No,No
QB0318,NT,Hechos,Hechos 21:13,Intermedio,¿Qué disposición manifestó Pablo ante la posibilidad de sufrir en Jerusalén?,A Estaba dispuesto incluso a morir por Jesús,B Decidió huir,C Prometió no regresar,D Pidió protección militar,A,Estaba dispuesto incluso a morir por Jesús,Pablo expresó disposición a enfrentar consecuencias por su fidelidad a Jesús.,Revisar,No,No
QB0319,NT,Hechos,Hechos 22:16,Intermedio,¿Qué acción se exhortó a Saulo a realizar después de su encuentro con Jesús?,A Bautizarse e invocar su nombre,B Regresar al templo,C Huir de Damasco,D Convertirse en sacerdote,A,Bautizarse e invocar su nombre,El relato vincula su respuesta de fe con el bautismo y la invocación del Señor.,Revisar,No,No
QB0320,NT,Hechos,Hechos 23:11,Intermedio,¿Qué ánimo recibió Pablo durante la noche?,A Que daría testimonio también en Roma,B Que volvería a Tarso,C Que sería liberado inmediatamente,D Que no viajaría más,A,Que daría testimonio también en Roma,El mensaje confirmó que Pablo testificaría también en Roma.,Revisar,No,No
QB0321,NT,Hechos,Hechos 24:25,Intermedio,¿Sobre qué temas habló Pablo ante Félix?,A Justicia, dominio propio y juicio futuro,B Agricultura,C Política romana,D Comercio,A,Justicia, dominio propio y juicio futuro,Pablo habló de temas éticos y del juicio venidero.,Revisar,No,No
QB0322,NT,Hechos,Hechos 25:11,Intermedio,¿A quién apeló Pablo para que su caso fuera considerado?,A Al César,B A Herodes,C A Pedro,D Al sumo sacerdote,A,Al César,Pablo ejerció su derecho de apelar al César.,Revisar,No,No
QB0323,NT,Hechos,Hechos 26:28,Avanzado,¿Quién reaccionó al testimonio de Pablo preguntando si en poco tiempo quería convencerlo de hacerse cristiano?,A Agripa,B Félix,C Festo,D Herodes,A,Agripa,Agripa respondió directamente a la defensa de Pablo.,Revisar,No,No
QB0324,NT,Hechos,Hechos 27:23,Intermedio,¿Qué mensaje recibió Pablo durante la tormenta en el mar?,A Un ángel le aseguró protección y propósito,B Debía abandonar el barco,C La nave no sufriría daños,D Debía regresar a Jerusalén,A,Un ángel le aseguró protección y propósito,Pablo comunicó a los demás una promesa de preservación en medio de la tormenta.,Revisar,No,No
QB0325,NT,Hechos,Hechos 28:30,Basico,¿Cómo pasó Pablo sus últimos años descritos en Hechos?,A Recibiendo personas y enseñando bajo custodia,B Viajando por Egipto,C Oculto en Jerusalén,D Como sacerdote del templo,A,Recibiendo personas y enseñando bajo custodia,El libro termina con Pablo enseñando con libertad relativa mientras permanecía bajo custodia.,Revisar,No,No
QB0326,NT,Romanos,Romanos 1:16,Basico,¿Qué afirma Pablo respecto al evangelio?,A Que no se avergüenza de él,B Que solo sirve para judíos,C Que debe ocultarse,D Que depende del poder político,A,Que no se avergüenza de él,Pablo presenta el evangelio como poder de Dios para salvación.,Revisar,No,No
QB0327,NT,Romanos,Romanos 3:23,Basico,¿Qué afirma Romanos 3:23 acerca de la humanidad?,A Que todos han pecado,B Que nadie necesita perdón,C Que solo algunos fallan,D Que el pecado no existe,A,Que todos han pecado,El pasaje afirma la universalidad del pecado humano.,Revisar,No,No
QB0328,NT,Romanos,Romanos 5:1,Intermedio,¿Qué resultado se relaciona con ser justificados por la fe?,A Paz con Dios,B Riqueza material,C Ausencia de toda dificultad,D Poder político,A,Paz con Dios,El pasaje relaciona la justificación por la fe con paz con Dios.,Revisar,No,No
QB0329,NT,Romanos,Romanos 6:23,Basico,¿Qué contraste establece el pasaje entre pecado y don de Dios?,A Muerte frente a vida eterna,B Pobreza frente a riqueza,C Guerra frente a paz política,D Enfermedad frente a salud,A,Muerte frente a vida eterna,El texto contrasta las consecuencias del pecado con el regalo de vida eterna.,Revisar,No,No
QB0330,NT,Romanos,Romanos 8:1,Basico,¿Qué afirma Romanos 8:1 acerca de quienes están en Cristo?,A No hay condenación para ellos,B Nunca pecan,C No enfrentan pruebas,D No necesitan obedecer,A,No hay condenación para ellos,El pasaje expresa seguridad respecto a la ausencia de condenación en Cristo.,Revisar,No,No
QB0331,NT,Romanos,Romanos 10:9,Intermedio,¿Qué respuesta de fe se menciona respecto a Jesús?,A Confesarlo como Señor y creer en su resurrección,B Viajar a Jerusalén,C Ayunar cuarenta días,D Dar una gran ofrenda,A,Confesarlo como Señor y creer en su resurrección,El pasaje vincula confesión y fe con la respuesta al evangelio.,Revisar,No,No
QB0332,NT,Romanos,Romanos 12:2,Intermedio,¿Cómo debe transformarse el creyente según Romanos 12:2?,A Mediante la renovación de la mente,B Mediante riqueza,C Mediante aislamiento,D Mediante poder político,A,Mediante la renovación de la mente,El pasaje llama a una transformación interior mediante una mente renovada.,Revisar,No,No
QB0333,NT,Romanos,Romanos 12:21,Basico,¿Cómo se vence el mal según el pasaje?,A Con el bien,B Con violencia,C Con silencio,D Con riqueza,A,Con el bien,El texto anima a responder al mal mediante el bien.,Revisar,No,No
QB0334,NT,Romanos,Romanos 13:10,Basico,¿Qué relación se establece entre amor y ley?,A El amor cumple la ley,B El amor elimina toda responsabilidad,C La ley prohíbe el amor,D Son conceptos sin relación,A,El amor cumple la ley,El pasaje presenta el amor como cumplimiento de la ley en relación con el prójimo.,Revisar,No,No
QB0335,NT,Romanos,Romanos 15:7,Intermedio,¿Qué actitud recomienda Pablo entre los creyentes?,A Recibirse unos a otros,B Evitarse,C Competir,D Juzgarse constantemente,A,Recibirse unos a otros,La exhortación busca una comunidad acogedora siguiendo el ejemplo de Cristo.,Revisar,No,No
QB0336,NT,Romanos,Romanos 16:1,Intermedio,¿Cómo presenta Pablo a Febe?,A Como servidora de la iglesia en Cencrea,B Como reina,C Como profetisa de Jerusalén,D Como esposa de Pedro,A,Como servidora de la iglesia en Cencrea,Pablo recomienda a Febe a la comunidad romana.,Revisar,No,No
QB0337,NT,1 Corintios,1 Corintios 1:10,Intermedio,¿Qué pide Pablo a la comunidad respecto a sus divisiones?,A Que haya unidad y acuerdo,B Que formen grupos separados,C Que abandonen la iglesia,D Que elijan distintos evangelios,A,Que haya unidad y acuerdo,Pablo exhorta a superar divisiones y buscar unidad.,Revisar,No,No
QB0338,NT,1 Corintios,1 Corintios 3:6,Intermedio,¿Qué imagen usa Pablo para describir el trabajo de diferentes servidores?,A Uno planta, otro riega y Dios da crecimiento,B Uno construye y otro destruye,C Uno manda y otro obedece,D Uno compra y otro vende,A,Uno planta, otro riega y Dios da crecimiento,La imagen muestra distintos roles humanos bajo la acción de Dios.,Revisar,No,No
QB0339,NT,1 Corintios,1 Corintios 6:19,Intermedio,¿Con qué se compara el cuerpo del creyente?,A Con un templo del Espíritu Santo,B Con una prisión,C Con una tienda militar,D Con una casa común,A,Con un templo del Espíritu Santo,El pasaje usa la imagen del templo para hablar del cuerpo y la presencia del Espíritu.,Revisar,No,No
QB0340,NT,1 Corintios,1 Corintios 9:24,Intermedio,¿Qué imagen deportiva usa Pablo para hablar de perseverancia?,A Una carrera,B Un combate naval,C Una cacería,D Un viaje,A,Una carrera,Pablo usa la imagen de corredores que buscan alcanzar el premio.,Revisar,No,No
QB0341,NT,1 Corintios,1 Corintios 11:24,Basico,¿Qué alimento tomó Pablo al recordar las palabras de Jesús sobre la cena?,A Pan,B Pescado,C Miel,D Fruta,A,Pan,El pasaje recuerda el uso del pan en la cena del Señor.,Revisar,No,No
QB0342,NT,1 Corintios,1 Corintios 12:12,Intermedio,¿Qué imagen usa Pablo para describir a la comunidad cristiana?,A Un cuerpo con muchos miembros,B Un ejército,C Una ciudad,D Un árbol,A,Un cuerpo con muchos miembros,La imagen del cuerpo destaca diversidad y unidad.,Revisar,No,No
QB0343,NT,1 Corintios,1 Corintios 13:4,Basico,¿Qué característica se atribuye al amor?,A Paciencia,B Envidia,C Orgullo,D Violencia,A,Paciencia,El capítulo describe el amor mediante actitudes como paciencia y bondad.,Revisar,No,No
QB0344,NT,1 Corintios,1 Corintios 15:3,Intermedio,¿Qué acontecimiento central transmitió Pablo como parte del mensaje recibido?,A La muerte de Cristo por los pecados,B La coronación de Herodes,C La destrucción de Roma,D La construcción del templo,A,La muerte de Cristo por los pecados,Pablo resume elementos centrales del evangelio recibido y transmitido.,Revisar,No,No
QB0345,NT,1 Corintios,1 Corintios 15:20,Intermedio,¿Cómo se presenta a Cristo en relación con quienes han muerto?,A Como primicia de los que resucitarán,B Como juez romano,C Como sacerdote levítico,D Como rey político,A,Como primicia de los que resucitarán,La resurrección de Cristo se presenta como anticipo de la resurrección futura.,Revisar,No,No
QB0346,NT,1 Corintios,1 Corintios 16:14,Basico,¿Cómo recomienda Pablo realizar todas las cosas?,A Con amor,B Con temor a las personas,C Con competencia,D Con indiferencia,A,Con amor,El cierre de la carta exhorta a que todas las acciones se realicen con amor.,Revisar,No,No
QB0347,NT,2 Corintios,2 Corintios 1:4,Intermedio,¿Qué propósito se relaciona con el consuelo recibido de Dios?,A Poder consolar a otros,B Evitar toda dificultad,C Alcanzar riqueza,D Obtener autoridad,A,Poder consolar a otros,Pablo explica que el consuelo recibido capacita para consolar a quienes sufren.,Revisar,No,No
QB0348,NT,2 Corintios,2 Corintios 3:18,Avanzado,¿Qué proceso describe Pablo al contemplar la gloria del Señor?,A Ser transformados progresivamente,B Perder toda identidad,C Convertirse en ángeles,D Recibir poder político,A,Ser transformados progresivamente,El pasaje habla de una transformación progresiva hacia la imagen del Señor.,Revisar,No,No
QB0349,NT,2 Corintios,2 Corintios 4:7,Intermedio,¿En qué imagen se describe el contraste entre el mensaje y la fragilidad humana?,A Un tesoro en vasijas de barro,B Oro en un palacio,C Agua en un río,D Semilla en una tierra,A,Un tesoro en vasijas de barro,La imagen destaca que el poder proviene de Dios y no del mensajero humano.,Revisar,No,No
QB0350,NT,2 Corintios,2 Corintios 5:7,Basico,¿Cómo dice Pablo que caminan los creyentes?,A Por fe, no por vista,B Solo por conocimiento,C Por señales visibles,D Por riqueza,A,Por fe, no por vista,El pasaje contrasta la confianza de la fe con depender únicamente de lo visible.,Revisar,No,No
QB0351,NT,2 Corintios,2 Corintios 5:20,Intermedio,¿Con qué función se describe a los creyentes respecto a Cristo?,A Embajadores,B Soldados,C Comerciantes,D Sacerdotes levíticos,A,Embajadores,El pasaje usa la imagen diplomática de embajadores para representar el mensaje de reconciliación.,Revisar,No,No
QB0352,NT,2 Corintios,2 Corintios 9:7,Basico,¿Cómo debe dar cada persona según Pablo?,A Con alegría y decisión personal,B Por obligación,C Para recibir reconocimiento,D Solo si es rica,A,Con alegría y decisión personal,Pablo destaca una disposición voluntaria y alegre al dar.,Revisar,No,No
QB0353,NT,2 Corintios,2 Corintios 12:9,Intermedio,¿Qué aprende Pablo acerca del poder de Dios en medio de su debilidad?,A Que se perfecciona en la debilidad,B Que desaparece,C Que depende de la fuerza humana,D Que solo actúa sin dificultades,A,Que se perfecciona en la debilidad,El pasaje presenta la suficiencia de la gracia y el poder de Dios en la debilidad humana.,Revisar,No,No
QB0354,NT,Gálatas,Gálatas 2:20,Intermedio,¿Cómo describe Pablo su nueva vida?,A Cristo vive en él,B Vive sin necesidad de fe,C Ya no tiene responsabilidades,D Vive para sí mismo,A,Cristo vive en él,Pablo expresa una vida transformada y centrada en Cristo.,Revisar,No,No
QB0355,NT,Gálatas,Gálatas 3:28,Intermedio,¿Qué afirma Pablo acerca de las distinciones humanas en Cristo?,A Que todos son uno en Cristo,B Que algunas personas valen más,C Que solo un grupo pertenece a Dios,D Que la fe elimina toda diversidad cultural,A,Que todos son uno en Cristo,El pasaje enfatiza igualdad y unidad entre quienes están en Cristo.,Revisar,No,No
QB0356,NT,Gálatas,Gálatas 5:1,Basico,¿Para qué dice Pablo que Cristo liberó a los creyentes?,A Para vivir en libertad,B Para volver a esclavitud,C Para obtener riqueza,D Para gobernar,A,Para vivir en libertad,El pasaje llama a mantenerse firmes en la libertad recibida.,Revisar,No,No
QB0357,NT,Gálatas,Gálatas 5:13,Intermedio,¿Cómo debe usarse la libertad según Pablo?,A Para servir unos a otros por amor,B Para vivir egoístamente,C Para dominar a otros,D Para evitar toda responsabilidad,A,Para servir unos a otros por amor,La libertad cristiana se orienta al servicio amoroso.,Revisar,No,No
QB0358,NT,Gálatas,Gálatas 6:2,Basico,¿Qué deben hacer los creyentes con las cargas de otros?,A Ayudarse a llevarlas,B Ignorarlas,C Criticarlas,D Aumentarlas,A,Ayudarse a llevarlas,Pablo exhorta a compartir las cargas mutuamente.,Revisar,No,No
QB0359,NT,Efesios,Efesios 1:3,Intermedio,¿Dónde se sitúan las bendiciones espirituales mencionadas por Pablo?,A En Cristo,B En Roma,C En Jerusalén únicamente,D En la riqueza,A,En Cristo,El comienzo de la carta sitúa las bendiciones espirituales en Cristo.,Revisar,No,No
QB0360,NT,Efesios,Efesios 2:8,Basico,¿Cómo se recibe la salvación según el pasaje?,A Por gracia mediante la fe,B Por riqueza,C Por obras militares,D Por nacimiento,A,Por gracia mediante la fe,El pasaje presenta la salvación como don de Dios recibido por fe.,Revisar,No,No
QB0361,NT,Efesios,Efesios 2:10,Intermedio,¿Para qué se dice que los creyentes fueron creados en Cristo?,A Para buenas obras,B Para vivir sin propósito,C Para gobernar naciones,D Para evitar responsabilidades,A,Para buenas obras,El pasaje relaciona la nueva vida con una práctica de buenas obras preparadas por Dios.,Revisar,No,No
QB0362,NT,Efesios,Efesios 4:2,Intermedio,¿Qué actitudes recomienda Pablo para preservar la unidad?,A Humildad, mansedumbre y paciencia,B Orgullo y competencia,C Aislamiento,D Indiferencia,A,Humildad, mansedumbre y paciencia,La carta vincula estas actitudes con una convivencia que protege la unidad.,Revisar,No,No
QB0363,NT,Efesios,Efesios 4:26,Intermedio,¿Qué consejo se da respecto al enojo?,A No permitir que conduzca al pecado y no prolongarlo,B Mantenerlo por mucho tiempo,C Usarlo para dominar,D Ignorarlo siempre,A,No permitir que conduzca al pecado y no prolongarlo,El pasaje advierte sobre el manejo del enojo y sus consecuencias.,Revisar,No,No
QB0364,NT,Efesios,Efesios 5:2,Basico,¿Cómo se exhorta a vivir?,A En amor,B En temor de las personas,C En aislamiento,D En competencia,A,En amor,La carta invita a seguir el ejemplo de Cristo mediante una vida de amor.,Revisar,No,No
QB0365,NT,Efesios,Efesios 6:1,Basico,¿Qué se pide a los hijos respecto a sus padres?,A Obedecerlos,B Ignorarlos,C Gobernarlos,D Evitarlos,A,Obedecerlos,El pasaje llama a los hijos a obedecer a sus padres.,Revisar,No,No
QB0366,NT,Filipenses,Filipenses 1:21,Intermedio,¿Cómo resume Pablo su perspectiva de vida y muerte?,A Vivir es Cristo y morir es ganancia,B Vivir es riqueza y morir es pérdida,C Vivir es poder y morir es derrota,D Vivir es fama y morir es olvido,A,Vivir es Cristo y morir es ganancia,Pablo expresa una vida centrada en Cristo y esperanza más allá de la muerte.,Revisar,No,No
QB0367,NT,Filipenses,Filipenses 2:3,Intermedio,¿Qué actitud recomienda Pablo frente a otros?,A Considerarlos con humildad,B Competir por superioridad,C Ignorarlos,D Buscar reconocimiento,A,Considerarlos con humildad,La exhortación promueve humildad y preocupación por los demás.,Revisar,No,No
QB0368,NT,Filipenses,Filipenses 2:5,Intermedio,¿Qué modelo de actitud presenta Pablo?,A La actitud de Cristo,B La actitud de César,C La actitud de un soldado,D La actitud de un comerciante,A,La actitud de Cristo,Pablo invita a adoptar la disposición humilde de Cristo.,Revisar,No,No
QB0369,NT,Filipenses,Filipenses 3:14,Intermedio,¿Hacia qué dice Pablo que prosigue?,A Hacia la meta para obtener el premio,B Hacia Jerusalén,C Hacia riqueza,D Hacia poder político,A,Hacia la meta para obtener el premio,Pablo utiliza la imagen de avanzar hacia una meta espiritual.,Revisar,No,No
QB0370,NT,Filipenses,Filipenses 4:6,Basico,¿Qué recomienda Pablo en lugar de vivir dominado por la ansiedad?,A Orar y presentar las peticiones a Dios,B Evitar toda responsabilidad,C Guardar silencio,D Buscar riqueza,A,Orar y presentar las peticiones a Dios,La carta invita a llevar las preocupaciones a Dios mediante oración y gratitud.,Revisar,No,No
QB0371,NT,Filipenses,Filipenses 4:8,Intermedio,¿Sobre qué tipo de cosas anima Pablo a dirigir el pensamiento?,A Lo verdadero, justo y digno,B Solo sobre problemas,C Sobre riquezas,D Sobre los errores de otros,A,Lo verdadero, justo y digno,El pasaje orienta el pensamiento hacia aquello que es bueno y digno.,Revisar,No,No
QB0372,NT,Colosenses,Colosenses 1:15,Intermedio,¿Cómo se describe a Cristo respecto al Dios invisible?,A Como imagen del Dios invisible,B Como un ángel,C Como un gobernante humano,D Como un profeta menor,A,Como imagen del Dios invisible,La carta presenta a Cristo como imagen del Dios invisible.,Revisar,No,No
QB0373,NT,Colosenses,Colosenses 2:6,Basico,¿Qué se pide a quienes recibieron a Cristo?,A Continuar viviendo en él,B Regresar a prácticas anteriores,C Abandonar la comunidad,D Buscar otro maestro,A,Continuar viviendo en él,La carta exhorta a mantener una vida coherente con la fe recibida.,Revisar,No,No
QB0374,NT,Colosenses,Colosenses 3:2,Intermedio,¿Dónde se anima a poner la mirada y el pensamiento?,A En las cosas de arriba,B Solo en lo material,C En el poder político,D En la fama,A,En las cosas de arriba,El pasaje orienta la atención hacia realidades espirituales.,Revisar,No,No
QB0375,NT,Colosenses,Colosenses 3:13,Intermedio,¿Qué actitud se pide cuando alguien tiene una queja contra otro?,A Perdonarse mutuamente,B Evitarse para siempre,C Buscar venganza,D Exponerlo públicamente,A,Perdonarse mutuamente,La carta llama al perdón siguiendo el ejemplo recibido del Señor.,Revisar,No,No
QB0376,NT,Colosenses,Colosenses 4:2,Basico,¿Qué recomienda Pablo respecto a la oración?,A Perseverar en ella con gratitud,B Orar solo una vez al año,C Evitarla en tiempos difíciles,D Reemplazarla por trabajo,A,Perseverar en ella con gratitud,La carta exhorta a una oración constante y agradecida.,Revisar,No,No
QB0377,NT,1 Tesalonicenses,1 Tesalonicenses 1:3,Intermedio,¿Qué tres aspectos recuerda Pablo de la comunidad?,A Obra de fe, trabajo de amor y constancia en la esperanza,B Riqueza, poder y fama,C Ayuno, viajes y sacrificios,D Ley, templo y sacerdocio,A,Obra de fe, trabajo de amor y constancia en la esperanza,El saludo destaca fe, amor y esperanza expresados en la vida de la comunidad.,Revisar,No,No
QB0378,NT,1 Tesalonicenses,1 Tesalonicenses 4:3,Intermedio,¿Qué presenta Pablo como voluntad de Dios para los creyentes?,A Santificación,B Riqueza,C Poder político,D Ausencia de pruebas,A,Santificación,La carta identifica la santificación como parte de la voluntad de Dios.,Revisar,No,No
QB0379,NT,1 Tesalonicenses,1 Tesalonicenses 4:16,Intermedio,¿Qué acontecimiento describe Pablo respecto al regreso del Señor?,A El Señor descenderá y los muertos en Cristo resucitarán,B Jerusalén desaparecerá inmediatamente,C Roma se convertirá,D Los discípulos volverán a Galilea,A,El Señor descenderá y los muertos en Cristo resucitarán,El pasaje vincula el regreso del Señor con la resurrección de los creyentes fallecidos.,Revisar,No,No
QB0380,NT,1 Tesalonicenses,1 Tesalonicenses 5:16,Basico,¿Qué exhortación breve da Pablo acerca de la alegría?,A Estar siempre gozosos,B Evitar toda emoción,C Alegrarse solo en tiempos fáciles,D Buscar diversión,A,Estar siempre gozosos,La carta incluye una exhortación constante al gozo.,Revisar,No,No
QB0381,NT,1 Tesalonicenses,1 Tesalonicenses 5:17,Basico,¿Qué recomienda Pablo respecto a la oración?,A Orar constantemente,B Orar solo en el templo,C Orar únicamente de noche,D Orar solo cuando haya problemas,A,Orar constantemente,El pasaje presenta la oración como práctica continua.,Revisar,No,No
QB0382,NT,2 Tesalonicenses,2 Tesalonicenses 1:3,Intermedio,¿Qué crecimiento destaca Pablo en la comunidad?,A Su fe y amor mutuo,B Su riqueza,C Su poder militar,D Su número de edificios,A,Su fe y amor mutuo,Pablo agradece por el crecimiento de la fe y del amor entre los creyentes.,Revisar,No,No
QB0383,NT,2 Tesalonicenses,2 Tesalonicenses 2:15,Intermedio,¿Qué pide Pablo respecto a las enseñanzas recibidas?,A Mantenerse firmes y conservarlas,B Olvidarlas,C Cambiarlas cada año,D Rechazarlas,A,Mantenerse firmes y conservarlas,La carta exhorta a permanecer firmes en la enseñanza recibida.,Revisar,No,No
QB0384,NT,2 Tesalonicenses,2 Tesalonicenses 3:10,Intermedio,¿Qué principio práctico recuerda Pablo acerca del trabajo?,A Quien no quiere trabajar no debe pretender vivir del esfuerzo ajeno,B Nadie debe trabajar,C Solo los líderes deben trabajar,D El trabajo es innecesario,A,Quien no quiere trabajar no debe pretender vivir del esfuerzo ajeno,La carta confronta la ociosidad voluntaria y promueve responsabilidad.,Revisar,No,No
QB0385,NT,1 Timoteo,1 Timoteo 1:5,Intermedio,¿Cuál es el propósito de la instrucción según Pablo?,A Amor que nace de un corazón limpio,B Conocimiento sin práctica,C Poder político,D Riqueza,A,Amor que nace de un corazón limpio,El pasaje vincula la enseñanza con amor, conciencia limpia y fe sincera.,Revisar,No,No
QB0386,NT,1 Timoteo,1 Timoteo 4:12,Basico,¿Qué consejo recibe Timoteo a pesar de su juventud?,A Ser ejemplo en conducta, amor, fe y pureza,B Evitar enseñar,C Buscar riqueza,D Gobernar una ciudad,A,Ser ejemplo en conducta, amor, fe y pureza,Pablo anima a Timoteo a ser ejemplo para los creyentes.,Revisar,No,No
QB0387,NT,1 Timoteo,1 Timoteo 6:10,Intermedio,¿Qué peligro se atribuye al amor al dinero?,A Puede llevar a muchos males,B Garantiza felicidad,C Produce sabiduría,D Evita problemas,A,Puede llevar a muchos males,El pasaje advierte contra el amor desordenado al dinero.,Revisar,No,No
QB0388,NT,2 Timoteo,2 Timoteo 1:7,Basico,¿Qué tipo de espíritu dice Pablo que Dios no ha dado?,A De temor,B De poder,C De amor,D De dominio propio,A,De temor,La carta contrasta el temor con poder, amor y dominio propio.,Revisar,No,No
QB0389,NT,2 Timoteo,2 Timoteo 2:15,Intermedio,¿Qué se pide a Timoteo respecto a la palabra de verdad?,A Manejarla correctamente,B Evitar enseñarla,C Cambiarla,D Usarla solo en privado,A,Manejarla correctamente,La exhortación llama a un manejo responsable de la enseñanza.,Revisar,No,No
QB0390,NT,2 Timoteo,2 Timoteo 3:16,Intermedio,¿Cómo se describe la Escritura?,A Inspirada por Dios y útil,B Escrita solo para una época,C Sin aplicación,D Exclusiva de sacerdotes,A,Inspirada por Dios y útil,El pasaje presenta la Escritura como inspirada y útil para formación.,Revisar,No,No
QB0391,NT,2 Timoteo,2 Timoteo 4:7,Intermedio,¿Cómo resume Pablo su trayectoria al final de su ministerio?,A Ha peleado la buena batalla y terminado la carrera,B Ha abandonado la fe,C Ha perdido toda esperanza,D Ha regresado a su oficio anterior,A,Ha peleado la buena batalla y terminado la carrera,Pablo utiliza imágenes de combate y carrera para expresar perseverancia.,Revisar,No,No
QB0392,NT,Tito,Tito 2:11,Intermedio,¿Qué se afirma acerca de la gracia de Dios?,A Que se ha manifestado trayendo salvación,B Que solo pertenece a líderes,C Que depende de riqueza,D Que elimina toda responsabilidad,A,Que se ha manifestado trayendo salvación,La carta presenta la gracia de Dios como fuente de salvación y formación.,Revisar,No,No
QB0393,NT,Tito,Tito 3:5,Intermedio,¿Sobre qué base se dice que Dios salva?,A Por su misericordia, no por obras propias de justicia,B Por riqueza,C Por poder político,D Por linaje,A,Por su misericordia, no por obras propias de justicia,El pasaje presenta la salvación como resultado de la misericordia divina.,Revisar,No,No
QB0394,NT,Filemón,Filemón 1:16,Intermedio,¿Cómo pide Pablo que sea recibido Onésimo?,A Como hermano amado,B Como enemigo,C Como esclavo sin dignidad,D Como desconocido,A,Como hermano amado,Pablo propone una relación transformada por la fe.,Revisar,No,No
QB0395,NT,Hebreos,Hebreos 1:3,Avanzado,¿Cómo se describe al Hijo respecto a la gloria de Dios?,A Como resplandor de su gloria,B Como un ángel creado,C Como profeta menor,D Como rey político,A,Como resplandor de su gloria,El inicio de Hebreos presenta una elevada descripción del Hijo.,Revisar,No,No
QB0396,NT,Hebreos,Hebreos 4:12,Intermedio,¿Cómo se describe la palabra de Dios?,A Viva y eficaz,B Antigua y sin efecto,C Solo simbólica,D Limitada a sacerdotes,A,Viva y eficaz,El pasaje presenta la palabra de Dios como activa y penetrante.,Revisar,No,No
QB0397,NT,Hebreos,Hebreos 4:15,Intermedio,¿Qué se afirma acerca de Jesús como sumo sacerdote respecto a las debilidades humanas?,A Puede compadecerse de ellas,B No las comprende,C Nunca fue probado,D Solo conoce a los ángeles,A,Puede compadecerse de ellas,El pasaje destaca que Jesús comprende la condición humana y puede compadecerse.,Revisar,No,No
QB0398,NT,Hebreos,Hebreos 10:24,Intermedio,¿A qué deben animarse mutuamente los creyentes?,A Al amor y a las buenas obras,B A competir,C A acumular riqueza,D A evitar reuniones,A,Al amor y a las buenas obras,La carta anima a estimularse mutuamente hacia una vida de amor y servicio.,Revisar,No,No
QB0399,NT,Hebreos,Hebreos 11:1,Basico,¿Cómo se relaciona la fe con lo que se espera?,A Da seguridad respecto a lo esperado,B Elimina toda esperanza,C Depende de ver primero,D Solo funciona con señales,A,Da seguridad respecto a lo esperado,Hebreos describe la fe como confianza en realidades esperadas y no visibles.,Revisar,No,No
QB0400,NT,Hebreos,Hebreos 12:1,Intermedio,¿Qué imagen usa Hebreos para hablar de perseverancia?,A Correr una carrera,B Construir un templo,C Navegar un barco,D Sembrar un campo,A,Correr una carrera,La vida de fe se compara con una carrera que requiere perseverancia.,Revisar,No,No
QB0401,NT,Santiago,Santiago 1:5,Basico,¿Qué debe hacer quien necesita sabiduría?,A Pedirla a Dios,B Buscar riqueza,C Esperar sin hacer nada,D Viajar a Jerusalén,A,Pedirla a Dios,La carta invita a pedir sabiduría a Dios con confianza.,Revisar,No,No
QB0402,NT,Santiago,Santiago 1:22,Intermedio,¿Qué contraste presenta Santiago respecto a la palabra?,A Ser hacedores y no solo oyentes,B Hablar y no escuchar,C Leer y olvidar,D Enseñar sin practicar,A,Ser hacedores y no solo oyentes,Santiago enfatiza la práctica de lo que se escucha.,Revisar,No,No
QB0403,NT,Santiago,Santiago 2:17,Intermedio,¿Qué se afirma acerca de una fe que no produce obras?,A Está muerta,B Es perfecta,C Es suficiente sin más,D Es superior,A,Está muerta,La carta insiste en que la fe auténtica se evidencia mediante acciones.,Revisar,No,No
QB0404,NT,Santiago,Santiago 3:5,Intermedio,¿Qué pequeño miembro usa Santiago como ejemplo de gran influencia?,A La lengua,B La mano,C El pie,D El oído,A,La lengua,La lengua se presenta como pequeña pero capaz de producir grandes efectos.,Revisar,No,No
QB0405,NT,Santiago,Santiago 4:7,Basico,¿Qué se recomienda hacer respecto al diablo?,A Resistirlo,B Seguirlo,C Ignorarlo siempre,D Negociar con él,A,Resistirlo,La carta exhorta a someterse a Dios y resistir al diablo.,Revisar,No,No
QB0406,NT,Santiago,Santiago 5:16,Intermedio,¿Qué práctica comunitaria se recomienda en relación con faltas y oración?,A Confesarse unos a otros y orar mutuamente,B Ocultar todo problema,C Evitar a quienes fallan,D Solo hablar con líderes,A,Confesarse unos a otros y orar mutuamente,El pasaje relaciona confesión, oración y restauración comunitaria.,Revisar,No,No
QB0407,NT,1 Pedro,1 Pedro 1:3,Intermedio,¿Qué esperanza se asocia con la resurrección de Jesucristo?,A Una esperanza viva,B Una esperanza temporal,C Solo prosperidad material,D Poder político,A,Una esperanza viva,Pedro vincula la resurrección con una esperanza viva.,Revisar,No,No
QB0408,NT,1 Pedro,1 Pedro 2:9,Intermedio,¿Cómo describe Pedro a la comunidad creyente?,A Pueblo adquirido y sacerdocio real,B Ejército imperial,C Grupo sin propósito,D Solo extranjeros,A,Pueblo adquirido y sacerdocio real,La carta utiliza títulos de identidad y misión para describir al pueblo de Dios.,Revisar,No,No
QB0409,NT,1 Pedro,1 Pedro 3:15,Intermedio,¿Qué se pide al creyente respecto a la esperanza que tiene?,A Estar preparado para explicar su razón con respeto,B Ocultarla,C Imponerla por la fuerza,D Evitar preguntas,A,Estar preparado para explicar su razón con respeto,Pedro pide una defensa razonada y respetuosa de la esperanza.,Revisar,No,No
QB0410,NT,1 Pedro,1 Pedro 5:7,Basico,¿Qué debe hacerse con las preocupaciones?,A Ponerlas en manos de Dios,B Guardarlas siempre,C Ignorarlas,D Convertirlas en enojo,A,Ponerlas en manos de Dios,La carta anima a confiar las preocupaciones a Dios porque él cuida.,Revisar,No,No
QB0411,NT,2 Pedro,2 Pedro 1:5,Intermedio,¿Qué actitud se recomienda añadir a la fe en el crecimiento espiritual?,A Virtud y conocimiento,B Riqueza,C Poder político,D Aislamiento,A,Virtud y conocimiento,La carta presenta una progresión de cualidades que acompañan la fe.,Revisar,No,No
QB0412,NT,2 Pedro,2 Pedro 3:9,Intermedio,¿Qué razón se da para explicar la paciencia del Señor?,A Desea que las personas lleguen al arrepentimiento,B Ha olvidado su promesa,C No puede actuar,D Espera poder político,A,Desea que las personas lleguen al arrepentimiento,El pasaje interpreta la aparente demora como paciencia orientada al arrepentimiento.,Revisar,No,No
QB0413,NT,1 Juan,1 Juan 1:9,Basico,¿Qué se afirma si una persona confiesa sus pecados?,A Dios perdona y limpia,B No ocurre nada,C Debe pagar dinero,D Debe viajar al templo,A,Dios perdona y limpia,La carta presenta a Dios como fiel para perdonar y limpiar al que confiesa.,Revisar,No,No
QB0414,NT,1 Juan,1 Juan 2:15,Intermedio,¿Qué advierte la carta respecto al amor al mundo?,A No ponerlo por encima del amor a Dios,B Buscarlo constantemente,C Ignorar toda creación,D Evitar a todas las personas,A,No ponerlo por encima del amor a Dios,El pasaje contrasta el amor al mundo con el amor al Padre.,Revisar,No,No
QB0415,NT,1 Juan,1 Juan 3:18,Basico,¿Cómo debe expresarse el amor según la carta?,A Con hechos y verdad,B Solo con palabras,C Únicamente con regalos,D Solo en privado,A,Con hechos y verdad,Juan destaca que el amor auténtico debe mostrarse mediante acciones.,Revisar,No,No
QB0416,NT,1 Juan,1 Juan 5:14,Intermedio,¿Qué confianza se menciona respecto a la oración?,A Que Dios escucha cuando pedimos conforme a su voluntad,B Que toda petición será concedida sin condición,C Que solo los líderes pueden orar,D Que la oración sustituye toda acción,A,Que Dios escucha cuando pedimos conforme a su voluntad,El pasaje expresa confianza en que Dios oye las peticiones alineadas con su voluntad.,Revisar,No,No
QB0417,NT,2 Juan,2 Juan 1:7,Intermedio,¿Qué enseñanza falsa atribuye 2 Juan 1:7 a los engañadores?,A Que Moisés no recibió la ley,B Que Jesucristo no vino en carne,C Que Jerusalén nunca tuvo templo,D Que Pablo no predicó a los gentiles,B,Que Jesucristo no vino en carne,La carta advierte sobre engañadores que no reconocen la venida de Jesucristo en carne.,Revisar,No,No
QB0418,NT,2 Juan,2 Juan 1:12,Avanzado,¿Qué forma de comunicación prefiere el autor de 2 Juan 1:12 en lugar de escribir más?,A Enviar mensajeros repetidamente,B Mandar otra carta extensa,C Hablar personalmente cara a cara,D Esperar una respuesta pública,C,Hablar personalmente cara a cara,El autor expresa que prefiere visitar a sus destinatarios y hablar personalmente en vez de seguir escribiendo.,Revisar,No,No
QB0419,NT,3 Juan,3 Juan 1:5,Intermedio,¿Qué conducta elogia 3 Juan 1:5 en la atención a otros creyentes?,A Ignorarlos hasta conocerlos mejor,B Actuar fielmente aun cuando sean desconocidos,C Pedirles una recompensa antes de ayudar,D Recibir solo a los miembros conocidos,B,Actuar fielmente aun cuando sean desconocidos,La carta elogia la fidelidad de quien sirve a otros creyentes incluso cuando son desconocidos.,Revisar,No,No
QB0420,NT,3 Juan,3 Juan 1:9,Avanzado,¿Qué conducta atribuye 3 Juan 1:9 a Diótrefes?,A Evita participar en la comunidad,B Quiere ocupar el primer lugar y rechaza la autoridad del autor,C Se dedica a recibir a todos los hermanos,D Viaja como colaborador del autor,B,Quiere ocupar el primer lugar y rechaza la autoridad del autor,La carta señala a Diótrefes por buscar preeminencia y no aceptar la autoridad del autor.,Revisar,No,No
QB0421,NT,Judas,Judas 1:3,Intermedio,¿A qué anima Judas 1:3 a sus destinatarios respecto a la fe?,A A defenderla con empeño,B A modificarla según cada ciudad,C A ocultarla para evitar dificultades,D A limitarla a los dirigentes,A,A defenderla con empeño,La carta exhorta a defender con firmeza la fe recibida por la comunidad.,Revisar,No,No
QB0422,NT,Judas,Judas 1:5,Avanzado,¿Qué antecedente recuerda Judas 1:5 como advertencia después de la liberación de Egipto?,A La construcción del templo,B La destrucción posterior de quienes no creyeron,C El reinado de David,D La reconstrucción de Jerusalén,B,La destrucción posterior de quienes no creyeron,La carta recuerda que después de la liberación de Egipto hubo juicio sobre quienes persistieron en la incredulidad.,Revisar,No,No
QB0423,NT,Judas,Judas 1:20,Basico,¿Qué recomienda Judas 1:20 hacer mientras los creyentes se edifican en su fe?,A Orar en el Espíritu Santo,B Evitar toda relación con otros,C Buscar reconocimiento público,D Abandonar la enseñanza recibida,A,Orar en el Espíritu Santo,La carta relaciona el crecimiento en la fe con la oración en el Espíritu Santo.,Revisar,No,No
QB0424,NT,Apocalipsis,Apocalipsis 1:3,Basico,¿Qué actitud se considera bienaventurada respecto al mensaje de Apocalipsis?,A Leer, escuchar y guardar lo escrito,B Memorizar solo los nombres,C Evitar compartir su contenido,D Esperar una señal política,A,Leer, escuchar y guardar lo escrito,El inicio del libro destaca la importancia de atender y poner en práctica su mensaje.,Revisar,No,No
QB0425,NT,Apocalipsis,Apocalipsis 1:9,Intermedio,¿En qué isla se encontraba Juan cuando recibió la visión?,A Patmos,B Creta,C Malta,D Chipre,A,Patmos,Juan sitúa su experiencia visionaria en la isla de Patmos.,Revisar,No,No
QB0426,NT,Apocalipsis,Apocalipsis 2:4,Basico,¿Qué reproche recibe la iglesia de Éfeso?,A Haber abandonado su primer amor,B No poseer riquezas,C Vivir fuera de Asia,D No conocer a Pablo,A,Haber abandonado su primer amor,El mensaje reconoce aspectos positivos de la iglesia pero señala que había dejado su primer amor.,Revisar,No,No
QB0427,NT,Apocalipsis,Apocalipsis 3:20,Basico,¿Qué imagen usa el mensaje para describir una invitación a la comunión?,A Alguien que está a la puerta y llama,B Un sembrador que esparce semilla,C Un pescador que lanza redes,D Un rey que reúne soldados,A,Alguien que está a la puerta y llama,El pasaje usa la imagen de una puerta y una llamada para expresar una invitación a recibir y compartir comunión.,Revisar,No,No
QB0428,NT,Apocalipsis,Apocalipsis 4:8,Intermedio,¿Qué característica repiten los seres vivientes acerca de Dios?,A Su santidad,B Su riqueza,C Su silencio,D Su distancia,A,Su santidad,La escena celestial enfatiza repetidamente la santidad de Dios.,Revisar,No,No
QB0429,NT,Apocalipsis,Apocalipsis 5:5,Intermedio,¿Qué figura se anuncia como capaz de abrir el libro sellado?,A El León de la tribu de Judá,B El rey Herodes,C El profeta Elías,D El sacerdote Aarón,A,El León de la tribu de Judá,La visión presenta al vencedor de Judá como digno de abrir el libro.,Revisar,No,No
QB0430,NT,Apocalipsis,Apocalipsis 5:6,Avanzado,¿Qué figura aparece después del anuncio del León de Judá?,A Un Cordero que parecía haber sido sacrificado,B Un caballo blanco,C Un ángel con trompeta,D Un anciano con corona,A,Un Cordero que parecía haber sido sacrificado,La visión combina las imágenes del León vencedor y del Cordero sacrificado.,Revisar,No,No
QB0431,NT,Apocalipsis,Apocalipsis 6:1,Basico,¿Qué comienza a abrir el Cordero en Apocalipsis 6?,A Los sellos,B Las puertas del templo,C Los rollos de Moisés,D Las trompetas,A,Los sellos,El capítulo inicia la apertura sucesiva de los sellos por el Cordero.,Revisar,No,No
QB0432,NT,Apocalipsis,Apocalipsis 7:9,Basico,¿Cómo se describe la multitud que aparece delante del trono?,A De todas las naciones, pueblos y lenguas,B Solo de Jerusalén,C Solo de Roma,D Solo de una tribu,A,De todas las naciones, pueblos y lenguas,La visión presenta una multitud diversa y de alcance universal.,Revisar,No,No
QB0433,NT,Apocalipsis,Apocalipsis 8:6,Basico,¿Qué se preparan para tocar los siete ángeles?,A Siete trompetas,B Siete arpas,C Siete campanas,D Siete flautas,A,Siete trompetas,La escena introduce una nueva secuencia asociada a siete trompetas.,Revisar,No,No
QB0434,NT,Apocalipsis,Apocalipsis 9:1,Intermedio,¿Qué recibe la estrella caída del cielo en la visión?,A La llave del pozo del abismo,B Una corona de oro,C Una espada,D Una tabla de piedra,A,La llave del pozo del abismo,La visión asocia la estrella con la apertura del pozo del abismo.,Revisar,No,No
QB0435,NT,Apocalipsis,Apocalipsis 10:9,Basico,¿Qué se le indica a Juan que haga con el pequeño libro?,A Comerlo,B Quemarlo,C Guardarlo sin abrir,D Entregarlo a los ancianos,A,Comerlo,La visión presenta una acción simbólica en la que Juan debe comer el pequeño libro.,Revisar,No,No
QB0436,NT,Apocalipsis,Apocalipsis 11:3,Intermedio,¿Cuántos testigos aparecen con una misión profética especial?,A Dos,B Tres,C Siete,D Doce,A,Dos,El capítulo presenta a dos testigos con una función profética.,Revisar,No,No
QB0437,NT,Apocalipsis,Apocalipsis 12:1,Basico,¿Qué gran señal aparece en el cielo al inicio del capítulo 12?,A Una mujer vestida del sol,B Una ciudad de oro,C Un caballo negro,D Un río de fuego,A,Una mujer vestida del sol,La visión comienza con la imagen simbólica de una mujer vestida del sol.,Revisar,No,No
QB0438,NT,Apocalipsis,Apocalipsis 12:9,Intermedio,¿Con quién identifica la visión al gran dragón?,A Con la serpiente antigua, el diablo y Satanás,B Con Nabucodonosor,C Con Herodes,D Con Goliat,A,Con la serpiente antigua, el diablo y Satanás,El propio texto interpreta la figura del dragón mediante esos nombres.,Revisar,No,No
QB0439,NT,Apocalipsis,Apocalipsis 13:1,Experto,¿De dónde ve Juan surgir a la primera bestia del capítulo 13?,A Del mar,B Del cielo,C Del desierto,D Del templo,A,Del mar,La visión presenta a una bestia que emerge del mar.,Revisar,No,No
QB0440,NT,Apocalipsis,Apocalipsis 14:1,Basico,¿Dónde aparece el Cordero junto con los ciento cuarenta y cuatro mil?,A En el monte Sion,B En el monte Sinaí,C En Patmos,D En el monte Carmelo,A,En el monte Sion,La visión sitúa al Cordero y a ese grupo en el monte Sion.,Revisar,No,No
QB0441,NT,Apocalipsis,Apocalipsis 15:1,Basico,¿Qué nueva serie de juicios aparece asociada a siete ángeles?,A Siete últimas plagas,B Siete terremotos,C Siete ejércitos,D Siete sequías,A,Siete últimas plagas,La visión presenta siete ángeles con siete plagas descritas como las últimas.,Revisar,No,No
QB0442,NT,Apocalipsis,Apocalipsis 16:1,Basico,¿Qué se ordena derramar sobre la tierra?,A Siete copas relacionadas con la ira de Dios,B Siete rollos,C Siete lámparas,D Siete coronas,A,Siete copas relacionadas con la ira de Dios,El capítulo comienza con la orden de derramar las siete copas sobre la tierra.,Revisar,No,No
QB0443,NT,Apocalipsis,Apocalipsis 17:1,Experto,¿Qué figura anuncia uno de los siete ángeles que mostrará a Juan?,A El juicio de la gran prostituta,B La construcción de un templo,C La coronación de un rey de Israel,D El regreso de Moisés,A,El juicio de la gran prostituta,El capítulo introduce una figura simbólica asociada con juicio y corrupción.,Revisar,No,No
QB0444,NT,Apocalipsis,Apocalipsis 18:2,Intermedio,¿Qué anuncio se proclama acerca de Babilonia la grande?,A Ha caído,B Ha sido coronada,C Ha vencido para siempre,D Ha reconstruido Jerusalén,A,Ha caído,El capítulo presenta el anuncio de la caída de Babilonia como símbolo de un sistema condenado.,Revisar,No,No
QB0445,NT,Apocalipsis,Apocalipsis 19:6,Basico,¿Qué motivo de alabanza proclama una gran multitud?,A Que el Señor Dios reina,B Que Roma venció,C Que el templo fue ampliado,D Que cesaron todas las canciones,A,Que el Señor Dios reina,La escena celebra el gobierno soberano de Dios.,Revisar,No,No
QB0446,NT,Apocalipsis,Apocalipsis 20:12,Intermedio,¿Qué ve Juan delante del gran trono en relación con los muertos?,A Libros abiertos y un juicio según las obras,B Un banquete,C Un ejército,D Una nueva ciudad,A,Libros abiertos y un juicio según las obras,La visión presenta un juicio en el que se abren libros y se evalúan las obras.,Revisar,No,No
QB0447,NT,Apocalipsis,Apocalipsis 21:1,Basico,¿Qué realidad nueva contempla Juan?,A Un cielo nuevo y una tierra nueva,B Un nuevo imperio romano,C Un segundo Egipto,D Un nuevo desierto,A,Un cielo nuevo y una tierra nueva,La visión final presenta una creación renovada.,Revisar,No,No
QB0448,NT,Apocalipsis,Apocalipsis 22:2,Basico,¿Qué árbol aparece junto al río de agua de vida?,A El árbol de la vida,B Una higuera seca,C Un cedro del Líbano,D Un olivo del templo,A,El árbol de la vida,La visión final recupera la imagen del árbol de la vida junto al río.,Revisar,No,No
QB0449,NT,Apocalipsis,Apocalipsis 22:5,Basico,¿Qué se afirma que ya no será necesaria en la ciudad?,A La luz de lámpara o del sol,B El agua,C La vida,D La alabanza,A,La luz de lámpara o del sol,La presencia de Dios se presenta como fuente suficiente de luz.,Revisar,No,No
QB0450,NT,Apocalipsis,Apocalipsis 22:20,Basico,¿Qué respuesta aparece ante la promesa de la venida de Jesús?,A Una petición para que venga,B Una orden de esperar siglos,C Una invitación a regresar a Egipto,D Una negación de su regreso,A,Una petición para que venga,El libro concluye con una respuesta de esperanza ante la promesa de la venida de Jesús.,Revisar,No,No
QB0451,AT,Génesis,Génesis 12:7,Basico,¿Qué hizo Abram después de recibir una promesa de tierra?,A Construyó un altar,B Volvió a Ur,C Se convirtió en rey,D Entró en Egipto,A,Construyó un altar,Abram respondió levantando un altar al Señor.,Revisar,No,No
QB0452,AT,Génesis,Génesis 17:17,Intermedio,¿Cómo reaccionó Abraham al pensar en tener un hijo a edad avanzada?,A Se rió,B Huyó,C Se enojó,D Guardó silencio,A,Se rió,Abraham reaccionó con asombro ante la promesa del nacimiento de Isaac.,Revisar,No,No
QB0453,AT,Génesis,Génesis 18:14,Intermedio,¿Qué pregunta se hace acerca del poder de Dios en relación con el nacimiento prometido?,A Si hay algo demasiado difícil para Dios,B Si Abraham puede regresar a Ur,C Si Sara debe viajar,D Si Lot debe volver,A,Si hay algo demasiado difícil para Dios,El relato enfatiza que el cumplimiento de la promesa no está limitado por la edad humana.,Revisar,No,No
QB0454,AT,Génesis,Génesis 21:8,Basico,¿Qué ocurrió cuando Isaac creció y fue destetado?,A Abraham hizo un gran banquete,B Abraham viajó a Egipto,C Isaac fue enviado a Harán,D Sara dejó la casa,A,Abraham hizo un gran banquete,El destete de Isaac fue celebrado con un gran banquete.,Revisar,No,No
QB0455,AT,Génesis,Génesis 22:12,Avanzado,¿Qué demostró Abraham al estar dispuesto a entregar a Isaac?,A Reverencia y obediencia a Dios,B Deseo de abandonar a su hijo,C Falta de fe,D Interés político,A,Reverencia y obediencia a Dios,La prueba reveló la disposición de Abraham a obedecer a Dios.,Revisar,No,No
QB0456,AT,Génesis,Génesis 24:12,Intermedio,¿Qué pidió el siervo de Abraham al llegar cerca del pozo?,A Una señal para identificar a la mujer adecuada para Isaac,B Un ejército,C Un lugar para vivir,D Un caballo,A,Una señal para identificar a la mujer adecuada para Isaac,El siervo oró pidiendo una señal específica para reconocer a la futura esposa de Isaac.,Revisar,No,No
QB0457,AT,Génesis,Génesis 26:12,Basico,¿Qué ocurrió con la cosecha de Isaac en un año difícil?,A Recibió una gran cosecha,B Perdió toda la semilla,C Dejó de sembrar,D Vendió la tierra,A,Recibió una gran cosecha,El relato presenta una cosecha abundante durante la estancia de Isaac.,Revisar,No,No
QB0458,AT,Génesis,Génesis 28:20,Intermedio,¿Qué prometió Jacob si Dios lo acompañaba y cuidaba?,A Reconocerlo como su Dios,B Convertirse en rey,C Permanecer en Harán para siempre,D No regresar a su familia,A,Reconocerlo como su Dios,Jacob formuló un voto en respuesta a la promesa recibida.,Revisar,No,No
QB0459,AT,Génesis,Génesis 29:18,Basico,¿Por quién aceptó Jacob trabajar siete años?,A Raquel,B Lea,C Bilhá,D Rebeca,A,Raquel,Jacob acordó trabajar por Raquel debido a su amor por ella.,Revisar,No,No
QB0460,AT,Génesis,Génesis 30:43,Intermedio,¿Qué ocurrió con la prosperidad de Jacob mientras trabajaba para Labán?,A Aumentó considerablemente,B Desapareció,C Se mantuvo igual,D Fue entregada a Esaú,A,Aumentó considerablemente,El relato describe un crecimiento importante de los bienes de Jacob.,Revisar,No,No
QB0461,AT,Génesis,Génesis 31:3,Intermedio,¿Qué instrucción recibió Jacob respecto a su regreso?,A Volver a la tierra de sus padres,B Ir a Egipto,C Permanecer con Labán,D Viajar a Moab,A,Volver a la tierra de sus padres,Dios indicó a Jacob regresar a su tierra y familia.,Revisar,No,No
QB0462,AT,Génesis,Génesis 32:24,Avanzado,¿Qué ocurrió con Jacob durante la noche antes de encontrarse con Esaú?,A Luchó con un hombre hasta el amanecer,B Perdió todo su ganado,C Fue capturado,D Regresó a Harán,A,Luchó con un hombre hasta el amanecer,El relato presenta una lucha nocturna que precede al cambio de nombre de Jacob.,Revisar,No,No
QB0463,AT,Génesis,Génesis 35:10,Intermedio,¿Qué nombre confirmó Dios para Jacob?,A Israel,B Judá,C Benjamín,D José,A,Israel,El nombre Israel fue reafirmado en el encuentro con Dios.,Revisar,No,No
QB0464,AT,Génesis,Génesis 37:28,Basico,¿Qué hicieron los hermanos de José con él?,A Lo vendieron a comerciantes,B Lo dejaron en casa,C Lo enviaron al templo,D Lo llevaron ante Faraón,A,Lo vendieron a comerciantes,José fue vendido y llevado hacia Egipto.,Revisar,No,No
QB0465,AT,Génesis,Génesis 39:21,Intermedio,¿Qué ocurrió con José aun estando en prisión?,A Recibió favor y confianza,B Fue olvidado completamente,C Escapó,D Se convirtió en soldado,A,Recibió favor y confianza,El relato sigue destacando el favor de Dios sobre José incluso en prisión.,Revisar,No,No
QB0466,AT,Génesis,Génesis 41:16,Intermedio,¿A quién atribuyó José la respuesta que daría a Faraón?,A A Dios,B A su experiencia,C A los magos,D A su familia,A,A Dios,José dejó claro que la interpretación no dependía de su propia capacidad.,Revisar,No,No
QB0467,AT,Génesis,Génesis 42:21,Intermedio,¿Qué reconocieron los hermanos de José durante su dificultad en Egipto?,A Su culpa por lo que hicieron a José,B Que José había muerto,C Que debían regresar a Canaán,D Que nunca habían hecho nada malo,A,Su culpa por lo que hicieron a José,La situación despertó en ellos conciencia sobre su conducta pasada.,Revisar,No,No
QB0468,AT,Génesis,Génesis 45:7,Avanzado,¿Cómo explicó José su presencia en Egipto?,A Como parte de una preservación providencial de vidas,B Como resultado únicamente del azar,C Como castigo sin propósito,D Como una decisión personal,A,Como parte de una preservación providencial de vidas,José interpretó su historia dentro de un propósito de preservación.,Revisar,No,No
QB0469,AT,Génesis,Génesis 46:29,Basico,¿Cómo reaccionó José al reencontrarse con Jacob?,A Lo abrazó y lloró,B Permaneció distante,C Lo rechazó,D Lo envió de regreso,A,Lo abrazó y lloró,El reencuentro entre José y su padre fue profundamente emotivo.,Revisar,No,No
QB0470,AT,Génesis,Génesis 47:9,Avanzado,¿Cómo describió Jacob los años de su vida ante Faraón?,A Pocos y difíciles,B Largos y tranquilos,C Felices y sin problemas,D Llenos de riqueza,A,Pocos y difíciles,Jacob hizo una valoración sobria de su larga peregrinación.,Revisar,No,No
QB0471,AT,Génesis,Génesis 48:19,Avanzado,¿Qué explicó Jacob acerca de Efraín y Manasés al bendecirlos?,A Que el menor llegaría a ser mayor que el primogénito,B Que ambos serían sacerdotes,C Que ninguno tendría descendencia,D Que Manasés sería rey de Egipto,A,Que el menor llegaría a ser mayor que el primogénito,Jacob sostuvo deliberadamente la prioridad de Efraín sobre Manasés.,Revisar,No,No
QB0472,AT,Génesis,Génesis 50:25,Intermedio,¿Qué pidió José a los hijos de Israel respecto a sus restos?,A Que los llevaran cuando Dios los sacara de Egipto,B Que los enterraran en Egipto para siempre,C Que los enviaran a Roma,D Que los llevaran a Moab,A,Que los llevaran cuando Dios los sacara de Egipto,José expresó esperanza en un futuro regreso y pidió que sus restos fueran trasladados.,Revisar,No,No
QB0473,AT,Éxodo,Éxodo 1:17,Intermedio,¿Qué hicieron las parteras hebreas frente a la orden de Faraón?,A Temieron a Dios y preservaron la vida de los niños,B Obedecieron completamente la orden,C Huyeron a Canaán,D Dejaron su trabajo,A,Temieron a Dios y preservaron la vida de los niños,Las parteras desobedecieron una orden injusta por temor a Dios.,Revisar,No,No
QB0474,AT,Éxodo,Éxodo 2:3,Basico,¿Dónde colocó la madre de Moisés al niño para protegerlo?,A En una cesta entre los juncos del río,B En una cueva,C En el templo,D En el desierto,A,En una cesta entre los juncos del río,La madre de Moisés preparó una cesta y la puso entre los juncos del río.,Revisar,No,No
QB0475,AT,Éxodo,Éxodo 3:14,Intermedio,¿Qué respuesta recibió Moisés al preguntar por el nombre de Dios?,A Una expresión vinculada con "Yo soy",B El nombre de Abraham,C El nombre de Faraón,D Ninguna respuesta,A,Una expresión vinculada con "Yo soy",El relato presenta una revelación del nombre divino en relación con la expresión "Yo soy".,Revisar,No,No
QB0476,AT,Éxodo,Éxodo 5:2,Intermedio,¿Cómo respondió Faraón inicialmente a la petición de dejar salir a Israel?,A Dijo no reconocer al Señor y se negó,B Aceptó inmediatamente,C Pidió tiempo,D Dejó ir solo a los ancianos,A,Dijo no reconocer al Señor y se negó,Faraón rechazó la autoridad del Dios de Israel y la petición de liberación.,Revisar,No,No
QB0477,AT,Éxodo,Éxodo 7:12,Avanzado,¿Qué ocurrió con la vara de Aarón frente a las varas de los magos?,A Se las tragó,B Se rompió,C Desapareció,D Se convirtió en agua,A,Se las tragó,La señal mostró superioridad sobre las imitaciones de los magos.,Revisar,No,No
QB0478,AT,Éxodo,Éxodo 8:19,Intermedio,¿Qué conclusión expresaron los magos ante una de las plagas que no pudieron imitar?,A Que era el dedo de Dios,B Que Moisés usaba magia egipcia,C Que Aarón era faraón,D Que el pueblo debía regresar,A,Que era el dedo de Dios,Los magos reconocieron un poder que superaba su capacidad.,Revisar,No,No
QB0479,AT,Éxodo,Éxodo 10:22,Basico,¿Qué caracterizó a la plaga de oscuridad?,A Una oscuridad profunda durante varios días,B Una tormenta de nieve,C Un eclipse breve,D Una noche normal,A,Una oscuridad profunda durante varios días,El relato describe una oscuridad intensa que cubrió Egipto.,Revisar,No,No
QB0480,AT,Éxodo,Éxodo 12:31,Basico,¿Qué hizo Faraón después de la última plaga?,A Ordenó que Israel saliera,B Cerró las puertas de Egipto,C Aumentó el trabajo,D Encarceló a Moisés,A,Ordenó que Israel saliera,Después de la muerte de los primogénitos Faraón permitió la salida.,Revisar,No,No
QB0481,AT,Éxodo,Éxodo 13:21,Basico,¿Cómo guiaba Dios al pueblo durante el día?,A Mediante una columna de nube,B Mediante una estrella,C Mediante un río,D Mediante un ejército,A,Mediante una columna de nube,La columna de nube orientaba al pueblo durante el día.,Revisar,No,No
QB0482,AT,Éxodo,Éxodo 15:20,Intermedio,¿Quién dirigió a las mujeres con panderos después del cruce del mar?,A Miriam,B Séfora,C Elisabet,D Débora,A,Miriam,Miriam encabezó una celebración después de la liberación.,Revisar,No,No
QB0483,AT,Éxodo,Éxodo 17:6,Intermedio,¿Qué hizo Moisés para obtener agua en Horeb?,A Golpeó la roca,B Cavó un pozo,C Esperó lluvia,D Recogió nieve,A,Golpeó la roca,El relato presenta agua saliendo de la roca después de la acción de Moisés.,Revisar,No,No
QB0484,AT,Éxodo,Éxodo 18:21,Intermedio,¿Qué consejo recibió Moisés para distribuir responsabilidades de liderazgo?,A Escoger personas capaces y confiables,B Gobernar solo,C Nombrar únicamente familiares,D Abandonar el pueblo,A,Escoger personas capaces y confiables,Jetro recomendó delegar responsabilidades en líderes apropiados.,Revisar,No,No
QB0485,AT,Éxodo,Éxodo 20:12,Basico,¿Qué mandamiento se relaciona con los padres?,A Honrarlos,B Evitarlos,C Ignorarlos,D Servir solo a la madre,A,Honrarlos,El decálogo incluye el mandato de honrar al padre y a la madre.,Revisar,No,No
QB0486,AT,Éxodo,Éxodo 24:7,Intermedio,¿Cómo respondió el pueblo al escuchar el libro del pacto?,A Prometió obedecer,B Rechazó la ley,C Huyó,D Eligió otro líder,A,Prometió obedecer,El pueblo afirmó su disposición a cumplir lo que había escuchado.,Revisar,No,No
QB0487,AT,Éxodo,Éxodo 25:10,Intermedio,¿Qué objeto debía construirse primero según las instrucciones del santuario?,A El arca,B El altar de incienso,C La cortina,D La fuente,A,El arca,Las instrucciones comienzan con la construcción del arca.,Revisar,No,No
QB0488,AT,Éxodo,Éxodo 28:1,Basico,¿Quién fue apartado junto con sus hijos para servir como sacerdote?,A Aarón,B Josué,C Caleb,D Hur,A,Aarón,Aarón y sus hijos fueron designados para el sacerdocio.,Revisar,No,No
QB0489,AT,Éxodo,Éxodo 31:18,Intermedio,¿Qué recibió Moisés al terminar Dios de hablar con él en el Sinaí?,A Dos tablas del testimonio,B Una corona,C Una espada,D Un libro de Salmos,A,Dos tablas del testimonio,El relato menciona dos tablas asociadas al testimonio del pacto.,Revisar,No,No
QB0490,AT,Éxodo,Éxodo 32:19,Avanzado,¿Qué hizo Moisés con las tablas al ver el becerro y las danzas?,A Las arrojó y quebró,B Las entregó a Aarón,C Las escondió,D Las devolvió al monte,A,Las arrojó y quebró,La reacción de Moisés expresó la gravedad de la ruptura del pacto.,Revisar,No,No
QB0491,AT,Éxodo,Éxodo 34:6,Intermedio,¿Qué rasgos del carácter de Dios se destacan en su proclamación ante Moisés?,A Misericordia, compasión y fidelidad,B Debilidad y temor,C Indiferencia,D Dependencia humana,A,Misericordia, compasión y fidelidad,La proclamación resalta atributos de gracia y fidelidad.,Revisar,No,No
QB0492,AT,Éxodo,Éxodo 35:21,Basico,¿Quiénes llevaron ofrendas para la obra del santuario?,A Quienes fueron movidos voluntariamente,B Solo Moisés,C Solo los sacerdotes,D Solo los extranjeros,A,Quienes fueron movidos voluntariamente,La construcción se sostuvo con aportes voluntarios del pueblo.,Revisar,No,No
QB0493,AT,Éxodo,Éxodo 36:7,Intermedio,¿Qué ocurrió con las contribuciones para el santuario?,A Fueron más que suficientes,B Fueron insuficientes,C Solo alcanzaron para el arca,D Se perdieron,A,Fueron más que suficientes,Hubo tanta generosidad que se pidió dejar de traer materiales.,Revisar,No,No
QB0494,AT,Éxodo,Éxodo 40:38,Basico,¿Qué acompañaba al tabernáculo durante las jornadas del pueblo?,A Nube de día y fuego de noche,B Una estrella permanente,C Un río,D Un ejército,A,Nube de día y fuego de noche,La presencia divina se manifestaba de formas visibles según el momento del día.,Revisar,No,No
QB0495,AT,Levítico,Levítico 2:1,Intermedio,¿Qué tipo de ofrenda podía presentarse con harina fina, aceite e incienso?,A Ofrenda vegetal,B Ofrenda de aves,C Sacrificio por culpa,D Holocausto de ganado,A,Ofrenda vegetal,Levítico describe una ofrenda de cereal preparada con harina y aceite.,Revisar,No,No
QB0496,AT,Levítico,Levítico 5:5,Intermedio,¿Qué debía hacer una persona cuando reconocía su culpa?,A Confesar en qué había pecado,B Ocultarla,C Culpar a otro,D Abandonar el campamento,A,Confesar en qué había pecado,La confesión acompañaba el reconocimiento de culpa.,Revisar,No,No
QB0497,AT,Levítico,Levítico 8:12,Basico,¿Qué hizo Moisés con Aarón durante su consagración?,A Lo ungió con aceite,B Le dio una corona real,C Lo envió al desierto,D Lo nombró juez,A,Lo ungió con aceite,Aarón fue ungido como parte de su consagración sacerdotal.,Revisar,No,No
QB0498,AT,Levítico,Levítico 10:1,Avanzado,¿Qué hicieron Nadab y Abiú que provocó juicio?,A Ofrecieron fuego no autorizado,B Abandonaron el campamento,C Rompieron las tablas,D Construyeron un ídolo,A,Ofrecieron fuego no autorizado,El relato presenta una ofrenda no autorizada realizada por los hijos de Aarón.,Revisar,No,No
QB0499,AT,Levítico,Levítico 13:2,Intermedio,¿Quién debía examinar ciertas afecciones de la piel?,A El sacerdote,B El rey,C El juez,D El jefe militar,A,El sacerdote,Los sacerdotes tenían responsabilidad de evaluar estas condiciones rituales.,Revisar,No,No
QB0500,AT,Levítico,Levítico 17:11,Avanzado,¿Qué relación establece el texto entre la vida y la sangre?,A La vida está en la sangre,B La sangre no tiene significado,C La vida está en el agua,D La sangre pertenece solo a sacerdotes,A,La vida está en la sangre,El pasaje atribuye a la sangre un papel especial asociado con la vida y la expiación.,Revisar,No,No
QB0501,AT,Levítico,Levítico 19:2,Basico,¿Qué llamado recibe toda la comunidad?,A Ser santa porque Dios es santo,B Ser rica,C Ser militarmente fuerte,D Permanecer aislada,A,Ser santa porque Dios es santo,El llamado a la santidad abarca a toda la comunidad.,Revisar,No,No
QB0502,AT,Levítico,Levítico 19:34,Intermedio,¿Cómo debía tratar Israel al extranjero residente?,A Como al natural y con amor,B Con desprecio,C Como esclavo obligatorio,D Sin derechos,A,Como al natural y con amor,El pasaje extiende el mandamiento del amor al extranjero que reside entre el pueblo.,Revisar,No,No
QB0503,AT,Levítico,Levítico 23:5,Basico,¿Qué celebración se realizaba el día catorce del primer mes?,A La Pascua,B Pentecostés,C Tabernáculos,D Expiación,A,La Pascua,Levítico ubica la Pascua en el día catorce del primer mes.,Revisar,No,No
QB0504,AT,Levítico,Levítico 25:10,Avanzado,¿Qué debía proclamarse durante el año del jubileo?,A Libertad en la tierra para sus habitantes,B Una guerra,C Nuevos impuestos,D Un nuevo rey,A,Libertad en la tierra para sus habitantes,El jubileo incluía una proclamación de libertad y restauración.,Revisar,No,No
QB0505,AT,Números,Números 1:2,Intermedio,¿Qué debía hacerse al comienzo del libro con la comunidad de Israel?,A Realizar un censo,B Construir el templo,C Cruzar el Jordán,D Elegir un rey,A,Realizar un censo,El libro comienza con instrucciones para contar a la comunidad por familias y tribus.,Revisar,No,No
QB0506,AT,Números,Números 9:15,Basico,¿Qué cubrió el tabernáculo cuando fue levantado?,A Una nube,B Una tormenta,C Una bandera,D Una muralla,A,Una nube,La nube sobre el tabernáculo señalaba la presencia divina.,Revisar,No,No
QB0507,AT,Números,Números 10:2,Intermedio,¿Para qué debían fabricarse dos trompetas de plata?,A Convocar a la comunidad y señalar partidas,B Celebrar bodas,C Acompañar solo sacrificios,D Anunciar coronaciones,A,Convocar a la comunidad y señalar partidas,Las trompetas servían para organizar reuniones y movimientos del campamento.,Revisar,No,No
QB0508,AT,Números,Números 11:31,Basico,¿Qué alimento adicional llegó al campamento cuando el pueblo pidió carne?,A Codornices,B Peces,C Ganado,D Pan egipcio,A,Codornices,El relato presenta una gran cantidad de codornices alrededor del campamento.,Revisar,No,No
QB0509,AT,Números,Números 12:3,Intermedio,¿Cómo se describe a Moisés en cuanto a su carácter?,A Muy humilde,B Orgulloso,C Violento,D Impaciente,A,Muy humilde,El texto destaca de forma particular la humildad de Moisés.,Revisar,No,No
QB0510,AT,Números,Números 13:27,Basico,¿Cómo describieron los exploradores la tierra visitada?,A Como tierra que producía abundantemente,B Como desierto sin frutos,C Como ciudad destruida,D Como isla,A,Como tierra que producía abundantemente,Los exploradores mostraron frutos y reconocieron la fertilidad de la tierra.,Revisar,No,No
QB0511,AT,Números,Números 14:24,Intermedio,¿Qué distingue a Caleb según el mensaje de Dios?,A Un espíritu diferente y fidelidad,B Riqueza,C Fuerza física,D Linaje real,A,Un espíritu diferente y fidelidad,Caleb fue reconocido por su actitud y fidelidad frente a la incredulidad general.,Revisar,No,No
QB0512,AT,Números,Números 16:31,Avanzado,¿Qué ocurrió con Coré y quienes participaron en su rebelión?,A La tierra se abrió y los tragó,B Fueron nombrados jueces,C Huyeron a Egipto,D Fueron enviados a Canaán,A,La tierra se abrió y los tragó,El relato presenta un juicio extraordinario contra la rebelión.,Revisar,No,No
QB0513,AT,Números,Números 17:8,Intermedio,¿Qué ocurrió con la vara de Aarón?,A Brotó y produjo almendras,B Se convirtió en serpiente,C Se quebró,D Se transformó en oro,A,Brotó y produjo almendras,La vara de Aarón floreció como señal de su elección sacerdotal.,Revisar,No,No
QB0514,AT,Números,Números 20:12,Avanzado,¿Qué consecuencia recibieron Moisés y Aarón por no honrar a Dios ante el pueblo?,A No introducirían a la comunidad en la tierra prometida,B Serían enviados a Egipto,C Perderían el sacerdocio ese día,D Morirían inmediatamente,A,No introducirían a la comunidad en la tierra prometida,El incidente de Meribá tuvo una consecuencia directa para ambos líderes.,Revisar,No,No
QB0515,AT,Números,Números 21:8,Intermedio,¿Qué debía hacer quien fuera mordido por una serpiente para vivir?,A Mirar la figura levantada,B Beber agua del Jordán,C Sacrificar una oveja,D Regresar a Egipto,A,Mirar la figura levantada,La instrucción vinculó la mirada a la señal levantada con la preservación de la vida.,Revisar,No,No
QB0516,AT,Números,Números 22:31,Avanzado,¿Qué ocurrió con Balaam para que viera al mensajero que bloqueaba el camino?,A Sus ojos fueron abiertos,B Perdió la vista,C Cayó dormido,D Regresó a Moab,A,Sus ojos fueron abiertos,El relato señala un cambio de percepción que le permitió reconocer al mensajero.,Revisar,No,No
QB0517,AT,Números,Números 24:17,Experto,¿Qué figura aparece en la profecía de Balaam asociada con Jacob?,A Una estrella y un cetro,B Un arca y una nube,C Un río y un monte,D Una espada y una corona,A,Una estrella y un cetro,La profecía utiliza imágenes de estrella y cetro vinculadas con un futuro gobernante.,Revisar,No,No
QB0518,AT,Números,Números 27:18,Intermedio,¿A quién debía colocar Moisés como sucesor?,A Josué,B Caleb,C Aarón,D Eleazar,A,Josué,Josué fue designado para recibir responsabilidad de liderazgo después de Moisés.,Revisar,No,No
QB0519,AT,Deuteronomio,Deuteronomio 1:21,Basico,¿Qué animó Moisés al pueblo a hacer respecto a la tierra?,A Subir y tomar posesión sin temor,B Regresar a Egipto,C Esperar otra generación,D Construir una ciudad,A,Subir y tomar posesión sin temor,Moisés recordó que la tierra había sido puesta delante del pueblo para que avanzara con confianza.,Revisar,No,No
QB0520,AT,Deuteronomio,Deuteronomio 4:2,Intermedio,¿Qué advertencia se da respecto a los mandamientos recibidos?,A No añadir ni quitar,B Cambiarlos cada generación,C Guardarlos solo los sacerdotes,D Traducirlos solo al egipcio,A,No añadir ni quitar,El pasaje prohíbe alterar los mandamientos recibidos.,Revisar,No,No
QB0521,AT,Deuteronomio,Deuteronomio 5:15,Intermedio,¿Qué motivo histórico se vincula con el descanso semanal?,A La liberación de la esclavitud en Egipto,B La construcción del templo,C La coronación de David,D El nacimiento de Isaac,A,La liberación de la esclavitud en Egipto,Deuteronomio relaciona el descanso con el recuerdo de la liberación.,Revisar,No,No
QB0522,AT,Deuteronomio,Deuteronomio 7:9,Intermedio,¿Cómo se describe a Dios respecto a su pacto?,A Fiel,B Cambiante,C Indiferente,D Dependiente de las personas,A,Fiel,El pasaje destaca la fidelidad de Dios a su pacto y amor.,Revisar,No,No
QB0523,AT,Deuteronomio,Deuteronomio 8:18,Intermedio,¿Qué debe recordar Israel al adquirir recursos y prosperidad?,A Que Dios da capacidad para producir riqueza,B Que todo depende solo del esfuerzo humano,C Que Egipto merece el crédito,D Que no tiene responsabilidades,A,Que Dios da capacidad para producir riqueza,El texto busca prevenir el orgullo recordando la fuente última de la capacidad para prosperar.,Revisar,No,No
QB0524,AT,Deuteronomio,Deuteronomio 10:18,Basico,¿A quiénes muestra Dios especial cuidado según el pasaje?,A Al huérfano, la viuda y el extranjero,B Solo a los reyes,C Solo a los sacerdotes,D Solo a los guerreros,A,Al huérfano, la viuda y el extranjero,El texto destaca el cuidado divino por personas vulnerables.,Revisar,No,No
QB0525,AT,Deuteronomio,Deuteronomio 11:18,Intermedio,¿Dónde debían conservarse las palabras de Dios simbólicamente?,A En el corazón y la mente,B Solo en el templo,C En casas de piedra,D En las armas,A,En el corazón y la mente,El mandato busca una interiorización constante de la enseñanza.,Revisar,No,No
QB0526,AT,Deuteronomio,Deuteronomio 18:15,Avanzado,¿Qué promete Moisés que Dios levantaría del pueblo?,A Un profeta semejante a él,B Un rey egipcio,C Un sacerdote extranjero,D Un ejército,A,Un profeta semejante a él,El pasaje anuncia la futura aparición de un profeta al que el pueblo debería escuchar.,Revisar,No,No
QB0527,AT,Deuteronomio,Deuteronomio 24:17,Intermedio,¿Qué práctica de justicia se exige hacia extranjeros y huérfanos?,A No negarles sus derechos,B Excluirlos de toda propiedad,C Obligarles a irse,D Evitar todo trato,A,No negarles sus derechos,El texto ordena proteger la justicia para personas vulnerables.,Revisar,No,No
QB0528,AT,Deuteronomio,Deuteronomio 30:6,Avanzado,¿Qué transformación interior promete Dios para que el pueblo lo ame?,A Una circuncisión del corazón,B Una señal en la frente,C Un nuevo ejército,D Una nueva lengua,A,Una circuncisión del corazón,El pasaje utiliza la imagen de una transformación profunda del corazón.,Revisar,No,No
QB0529,AT,Deuteronomio,Deuteronomio 31:8,Basico,¿Qué promesa recibe Josué respecto a la presencia de Dios?,A Que irá delante de él y no lo abandonará,B Que evitará toda batalla,C Que regresará a Egipto,D Que reinará como rey,A,Que irá delante de él y no lo abandonará,Moisés anima a Josué recordándole la presencia constante de Dios.,Revisar,No,No
QB0530,AT,Deuteronomio,Deuteronomio 32:4,Intermedio,¿Con qué figura se describe a Dios en el cántico de Moisés?,A La Roca,B Un árbol,C Un río,D Una antorcha,A,La Roca,El cántico usa la imagen de la roca para expresar estabilidad, justicia y fidelidad.,Revisar,No,No
QB0531,AT,Deuteronomio,Deuteronomio 34:10,Avanzado,¿Qué característica distingue a Moisés entre los profetas al final del libro?,A Su relación singular con Dios,B Su riqueza,C Su fuerza militar,D Su reinado,A,Su relación singular con Dios,El cierre destaca la relación excepcional de Moisés con Dios.,Revisar,No,No
QB0532,AT,Josué,Josué 1:5,Basico,¿Qué promesa recibió Josué para su liderazgo?,A Dios estaría con él como estuvo con Moisés,B Nunca enfrentaría enemigos,C Sería rey,D No tendría que obedecer la ley,A,Dios estaría con él como estuvo con Moisés,La promesa fundamenta el valor de Josué en la presencia divina.,Revisar,No,No
QB0533,AT,Josué,Josué 2:11,Intermedio,¿Qué reconoció Rahab acerca del Dios de Israel?,A Que es Dios arriba en los cielos y abajo en la tierra,B Que es solo dios de Canaán,C Que depende de Egipto,D Que no interviene en la historia,A,Que es Dios arriba en los cielos y abajo en la tierra,Rahab expresó una confesión amplia de la soberanía del Dios de Israel.,Revisar,No,No
QB0534,AT,Josué,Josué 3:13,Intermedio,¿Qué ocurriría con las aguas del Jordán cuando los sacerdotes las tocaran?,A Se detendrían,B Se volverían sangre,C Aumentarían,D Desaparecerían para siempre,A,Se detendrían,La instrucción anticipó la detención de las aguas durante el cruce.,Revisar,No,No
QB0535,AT,Josué,Josué 4:6,Intermedio,¿Para qué servían las piedras tomadas del Jordán?,A Como memorial para futuras generaciones,B Como armas,C Como decoración del templo,D Como señal de propiedad,A,Como memorial para futuras generaciones,Las piedras debían ayudar a transmitir a los hijos el recuerdo del cruce.,Revisar,No,No
QB0536,AT,Josué,Josué 5:15,Avanzado,¿Qué instrucción recibió Josué al encontrarse con el jefe del ejército del Señor?,A Quitarse las sandalias,B Levantar una espada,C Construir un altar,D Regresar al campamento,A,Quitarse las sandalias,El lugar fue declarado santo y Josué recibió una instrucción semejante a la de Moisés.,Revisar,No,No
QB0537,AT,Josué,Josué 6:4,Intermedio,¿Cuántos sacerdotes debían llevar trompetas delante del arca alrededor de Jericó?,A Siete,B Tres,C Doce,D Cuarenta,A,Siete,La instrucción usa repetidamente el número siete en la marcha alrededor de Jericó.,Revisar,No,No
QB0538,AT,Josué,Josué 7:20,Avanzado,¿Quién reconoció haber tomado objetos prohibidos después de la conquista de Jericó?,A Acán,B Caleb,C Finees,D Eleazar,A,Acán,Acán confesó haber tomado objetos que habían sido reservados.,Revisar,No,No
QB0539,AT,Josué,Josué 8:30,Basico,¿Qué construyó Josué en el monte Ebal?,A Un altar,B Una torre,C Un palacio,D Una muralla,A,Un altar,Josué construyó un altar siguiendo las instrucciones recibidas.,Revisar,No,No
QB0540,AT,Josué,Josué 9:14,Avanzado,¿Qué error cometieron los líderes de Israel antes de pactar con los gabaonitas?,A No consultaron al Señor,B No llevaron alimentos,C No cruzaron el Jordán,D No nombraron un rey,A,No consultaron al Señor,El relato señala explícitamente que tomaron una decisión sin buscar dirección divina.,Revisar,No,No
QB0541,AT,Josué,Josué 10:12,Experto,¿Qué pidió Josué durante la batalla relacionada con Gabaón?,A Que el sol se detuviera,B Que lloviera,C Que apareciera fuego,D Que el Jordán se abriera,A,Que el sol se detuviera,El relato describe una petición extraordinaria asociada con la prolongación de la batalla.,Revisar,No,No
QB0542,AT,Josué,Josué 14:12,Avanzado,¿Qué pidió Caleb como herencia muchos años después de explorar la tierra?,A La región montañosa prometida,B Jerusalén,C Egipto,D Jericó,A,La región montañosa prometida,Caleb mantuvo su confianza y solicitó la tierra que se le había prometido.,Revisar,No,No
QB0543,AT,Josué,Josué 21:45,Basico,¿Qué se afirma acerca de las promesas de Dios a Israel?,A Ninguna falló,B La mayoría se perdió,C Solo una se cumplió,D Dependieron de Egipto,A,Ninguna falló,El resumen destaca el cumplimiento de las buenas promesas de Dios.,Revisar,No,No
QB0544,AT,Josué,Josué 23:14,Intermedio,¿Qué recordó Josué al pueblo cerca del final de su vida?,A Que todas las buenas promesas se habían cumplido,B Que debían volver a Egipto,C Que el pacto había terminado,D Que debían elegir otro dios,A,Que todas las buenas promesas se habían cumplido,Josué apeló a la experiencia del pueblo como evidencia de la fidelidad divina.,Revisar,No,No
QB0545,AT,Josué,Josué 24:24,Basico,¿Qué respondió el pueblo a la exhortación de Josué?,A Serviremos al Señor y obedeceremos su voz,B Regresaremos a Egipto,C Serviremos a otros dioses,D Abandonaremos la tierra,A,Serviremos al Señor y obedeceremos su voz,El pueblo reafirmó su compromiso de servir y obedecer al Señor.,Revisar,No,No
QB0546,AT,Jueces,Jueces 2:16,Basico,¿Qué levantaba Dios para librar a Israel de sus opresores?,A Jueces,B Reyes,C Sacerdotes egipcios,D Comerciantes,A,Jueces,El libro describe ciclos en los que Dios levantaba jueces para librar al pueblo.,Revisar,No,No
QB0547,AT,Jueces,Jueces 3:15,Intermedio,¿Qué juez zurdo fue enviado contra Eglón, rey de Moab?,A Ehúd,B Otoniel,C Gedeón,D Sansón,A,Ehúd,Ehúd es identificado como un hombre zurdo que libró a Israel de Moab.,Revisar,No,No
QB0548,AT,Jueces,Jueces 4:6,Intermedio,¿A quién convocó Débora para dirigir fuerzas contra Sísara?,A Barac,B Gedeón,C Jefté,D Otoniel,A,Barac,Débora llamó a Barac para encabezar la acción militar.,Revisar,No,No
QB0549,AT,Jueces,Jueces 5:31,Basico,¿Con qué imagen concluye el cántico respecto a quienes aman a Dios?,A Como el sol cuando sale con fuerza,B Como una sombra,C Como una nube,D Como una espada,A,Como el sol cuando sale con fuerza,El cántico termina con una imagen de fortaleza y resplandor.,Revisar,No,No
QB0550,AT,Jueces,Jueces 6:39,Intermedio,¿Qué segunda señal pidió Gedeón con el vellón?,A Que el vellón quedara seco y la tierra mojada,B Que el vellón ardiera,C Que apareciera una corona,D Que lloviera solo sobre el vellón,A,Que el vellón quedara seco y la tierra mojada,Gedeón pidió una señal invertida respecto a la primera.,Revisar,No,No
QB0551,AT,Jueces,Jueces 7:16,Avanzado,¿Qué objetos entregó Gedeón a sus trescientos hombres?,A Trompetas, cántaros y antorchas,B Espadas y escudos únicamente,C Arcos y flechas,D Lanzas y cascos,A,Trompetas, cántaros y antorchas,La estrategia de Gedeón utilizó sonido, luz y sorpresa.,Revisar,No,No
QB0552,AT,Jueces,Jueces 10:16,Intermedio,¿Qué hizo Israel al arrepentirse de servir a otros dioses?,A Quitó los dioses extranjeros y sirvió al Señor,B Construyó más ídolos,C Abandonó la tierra,D Eligió un rey,A,Quitó los dioses extranjeros y sirvió al Señor,El arrepentimiento se expresó mediante abandono de los dioses extranjeros.,Revisar,No,No
QB0553,AT,Jueces,Jueces 11:30,Avanzado,¿Qué hizo Jefté antes de salir a combatir a los amonitas?,A Hizo un voto,B Coronó a su hijo,C Construyó un templo,D Huyó,A,Hizo un voto,Jefté formuló un voto antes del combate.,Revisar,No,No
QB0554,AT,Jueces,Jueces 13:24,Basico,¿Cómo se llamó el hijo nacido de la mujer de Manoa?,A Sansón,B Samuel,C Saúl,D Gedeón,A,Sansón,El niño anunciado previamente recibió el nombre Sansón.,Revisar,No,No
QB0555,AT,Jueces,Jueces 14:6,Intermedio,¿Qué animal mató Sansón sin tener un arma en la mano?,A Un león,B Un oso,C Un lobo,D Un toro,A,Un león,El relato atribuye la fuerza de Sansón a la acción del Espíritu del Señor.,Revisar,No,No
QB0556,AT,Jueces,Jueces 15:15,Intermedio,¿Qué objeto usó Sansón como arma contra los filisteos?,A Una quijada de asno,B Una espada real,C Una lanza,D Un arco,A,Una quijada de asno,El relato presenta a Sansón utilizando una quijada como arma improvisada.,Revisar,No,No
QB0557,AT,Jueces,Jueces 16:21,Intermedio,¿Qué hicieron los filisteos con Sansón después de capturarlo?,A Le sacaron los ojos,B Lo coronaron,C Lo liberaron,D Lo enviaron a Egipto,A,Le sacaron los ojos,Sansón fue cegado y encarcelado después de ser capturado.,Revisar,No,No
QB0558,AT,Jueces,Jueces 21:25,Avanzado,¿Qué frase resume la situación moral al final del libro?,A Cada uno hacía lo que consideraba correcto,B Todo el pueblo seguía fielmente la ley,C Israel tenía un rey justo,D No había conflictos,A,Cada uno hacía lo que consideraba correcto,El final describe una sociedad sin liderazgo estable y con fuerte desorden moral.,Revisar,No,No
QB0559,AT,Rut,Rut 1:4,Intermedio,¿De qué lugar eran Rut y Orfa?,A Moab,B Egipto,C Canaán,D Edom,A,Moab,Ambas mujeres eran moabitas y se casaron con los hijos de Noemí.,Revisar,No,No
QB0560,AT,Rut,Rut 1:20,Intermedio,¿Qué nuevo nombre pidió Noemí que usaran para ella debido a su amargura?,A Mara,B Rut,C Lea,D Ana,A,Mara,Noemí expresó su dolor pidiendo ser llamada Mara.,Revisar,No,No
QB0561,AT,Rut,Rut 2:10,Basico,¿Cómo reaccionó Rut ante la bondad de Booz?,A Se inclinó y preguntó por qué había hallado favor,B Se fue inmediatamente,C Se enojó,D Le exigió más grano,A,Se inclinó y preguntó por qué había hallado favor,Rut respondió con humildad y sorpresa ante el favor recibido.,Revisar,No,No
QB0562,AT,Rut,Rut 2:12,Intermedio,¿Qué reconocimiento expresó Booz respecto a Rut?,A Que había buscado refugio bajo las alas del Dios de Israel,B Que era una guerrera,C Que era de familia real,D Que debía regresar a Moab,A,Que había buscado refugio bajo las alas del Dios de Israel,Booz relacionó la lealtad de Rut con su confianza en Dios.,Revisar,No,No
QB0563,AT,Rut,Rut 3:9,Avanzado,¿Qué petición hizo Rut a Booz durante la noche?,A Que extendiera su protección sobre ella como pariente redentor,B Que le diera dinero,C Que la enviara a Moab,D Que vendiera el campo,A,Que extendiera su protección sobre ella como pariente redentor,La petición de Rut apeló a la responsabilidad familiar de Booz.,Revisar,No,No
QB0564,AT,Rut,Rut 3:12,Avanzado,¿Qué dificultad señaló Booz antes de asumir el papel de redentor?,A Había un pariente más cercano,B No conocía a Rut,C No tenía tierras,D Estaba casado,A,Había un pariente más cercano,Booz reconoció que otro pariente tenía prioridad legal para ejercer el derecho de rescate.,Revisar,No,No
QB0565,AT,Rut,Rut 4:7,Intermedio,¿Qué gesto confirmaba antiguamente una transferencia o acuerdo?,A Entregar una sandalia,B Romper una vara,C Encender una lámpara,D Levantar una espada,A,Entregar una sandalia,El relato explica una costumbre legal vinculada con quitar y entregar una sandalia.,Revisar,No,No
QB0566,AT,Rut,Rut 4:14,Basico,¿Cómo reaccionaron las mujeres ante el nacimiento del hijo de Rut?,A Bendijeron al Señor,B Criticaron a Rut,C Abandonaron Belén,D Pidieron otro heredero,A,Bendijeron al Señor,Las mujeres reconocieron la provisión de un redentor para Noemí.,Revisar,No,No
QB0567,AT,Rut,Rut 4:22,Intermedio,¿Qué relación genealógica tenía Obed con David?,A Era su abuelo,B Era su padre,C Era su hijo,D Era su hermano,A,Era su abuelo,La genealogía final presenta a Obed como padre de Isaí y abuelo de David.,Revisar,No,No
QB0568,AT,1 Samuel,1 Samuel 2:1,Basico,¿Qué expresó Ana después del nacimiento y dedicación de Samuel?,A Una oración de alabanza,B Una queja,C Un decreto,D Un voto de guerra,A,Una oración de alabanza,Ana respondió con una oración que celebra la acción de Dios.,Revisar,No,No
QB0569,AT,1 Samuel,1 Samuel 2:26,Intermedio,¿Cómo se describe el crecimiento de Samuel?,A Crecía en favor ante Dios y las personas,B Crecía solo en fuerza física,C Se alejaba del pueblo,D Evitaba el servicio,A,Crecía en favor ante Dios y las personas,El texto destaca un desarrollo favorable de Samuel.,Revisar,No,No
QB0570,AT,1 Samuel,1 Samuel 4:11,Intermedio,¿Qué objeto sagrado capturaron los filisteos?,A El arca de Dios,B El altar,C Las tablas de la ley,D La vara de Aarón,A,El arca de Dios,La derrota de Israel incluyó la captura del arca.,Revisar,No,No
QB0571,AT,1 Samuel,1 Samuel 5:3,Avanzado,¿Qué ocurrió con la estatua de Dagón delante del arca?,A Cayó rostro en tierra,B Se convirtió en polvo inmediatamente,C Fue trasladada por sacerdotes,D Se incendió,A,Cayó rostro en tierra,El relato muestra a la estatua de Dagón caída ante el arca.,Revisar,No,No
QB0572,AT,1 Samuel,1 Samuel 7:12,Intermedio,¿Qué nombre dio Samuel a la piedra levantada después de una victoria?,A Eben-ezer,B Betel,C Gilgal,D Silo,A,Eben-ezer,La piedra servía como memorial de la ayuda recibida de Dios.,Revisar,No,No
QB0573,AT,1 Samuel,1 Samuel 8:7,Avanzado,¿Cómo interpretó Dios la petición del pueblo de tener un rey?,A Como rechazo de su propio gobierno,B Como señal de plena fidelidad,C Como un detalle sin importancia,D Como cumplimiento de una ley,A,Como rechazo de su propio gobierno,La petición se interpreta teológicamente como rechazo del reinado directo de Dios.,Revisar,No,No
QB0574,AT,1 Samuel,1 Samuel 9:21,Basico,¿Cómo reaccionó Saúl al ser señalado para una función importante?,A Se consideró pequeño e insignificante,B Se declaró rey de inmediato,C Huyó a Egipto,D Exigió una corona,A,Se consideró pequeño e insignificante,Saúl respondió destacando la aparente pequeñez de su tribu y familia.,Revisar,No,No
QB0575,AT,1 Samuel,1 Samuel 12:24,Intermedio,¿Qué exhortación final hizo Samuel al pueblo?,A Temer al Señor y servirle fielmente,B Elegir otro dios,C Volver a Egipto,D Abandonar la ley,A,Temer al Señor y servirle fielmente,Samuel llamó al pueblo a una fidelidad sincera.,Revisar,No,No
QB0576,AT,1 Samuel,1 Samuel 13:14,Avanzado,¿Qué consecuencia anunció Samuel por la desobediencia de Saúl?,A Su reino no permanecería,B Se convertiría en sacerdote,C Gobernaría para siempre,D Recibiría más autoridad,A,Su reino no permanecería,La desobediencia de Saúl afectó la continuidad de su dinastía.,Revisar,No,No
QB0577,AT,1 Samuel,1 Samuel 15:22,Intermedio,¿Qué priorizó Samuel sobre los sacrificios?,A La obediencia,B La riqueza,C El silencio,D La fuerza,A,La obediencia,Samuel enseñó que obedecer es más importante que ofrecer sacrificios externos.,Revisar,No,No
QB0578,AT,1 Samuel,1 Samuel 16:7,Intermedio,¿Qué contraste se establece entre la mirada humana y la de Dios?,A Las personas miran la apariencia y Dios mira el corazón,B Dios solo mira la apariencia,C Las personas conocen el corazón,D No existe diferencia,A,Las personas miran la apariencia y Dios mira el corazón,El pasaje destaca que Dios evalúa de una manera más profunda que la percepción humana.,Revisar,No,No
QB0579,AT,1 Samuel,1 Samuel 17:37,Basico,¿Qué recordó David para expresar confianza antes de enfrentar a Goliat?,A Que Dios lo había librado de leones y osos,B Que tenía una gran espada,C Que Saúl era fuerte,D Que conocía al ejército filisteo,A,Que Dios lo había librado de leones y osos,David basó su confianza en experiencias previas de protección.,Revisar,No,No
QB0580,AT,1 Samuel,1 Samuel 18:4,Intermedio,¿Qué entregó Jonatán a David como señal de amistad?,A Su manto y armas,B Su casa,C Su corona,D Su caballo,A,Su manto y armas,Jonatán dio a David objetos personales importantes como expresión de su vínculo.,Revisar,No,No
QB0581,AT,1 Samuel,1 Samuel 20:42,Avanzado,¿Qué compromiso reafirmaron David y Jonatán al despedirse?,A Una alianza de fidelidad entre sus familias,B Una competencia por el trono,C Un pacto con los filisteos,D Una separación definitiva,A,Una alianza de fidelidad entre sus familias,La despedida reafirma el vínculo y compromiso entre ambos.,Revisar,No,No
QB0582,AT,1 Samuel,1 Samuel 23:16,Intermedio,¿Qué hizo Jonatán cuando David estaba amenazado por Saúl?,A Lo fortaleció en su confianza en Dios,B Lo denunció,C Lo abandonó,D Lo llevó a Saúl,A,Lo fortaleció en su confianza en Dios,Jonatán apoyó a David en un momento de peligro.,Revisar,No,No
QB0583,AT,1 Samuel,1 Samuel 24:17,Intermedio,¿Cómo reaccionó Saúl después de que David perdonara su vida?,A Reconoció que David había actuado mejor que él,B Ordenó matarlo inmediatamente,C No dijo nada,D Negó lo sucedido,A,Reconoció que David había actuado mejor que él,Saúl reconoció la justicia de la conducta de David.,Revisar,No,No
QB0584,AT,1 Samuel,1 Samuel 26:23,Avanzado,¿Qué principio expresó David después de volver a perdonar a Saúl?,A Dios recompensa la justicia y fidelidad,B La venganza siempre es necesaria,C El poder político justifica todo,D La fuerza decide quién tiene razón,A,Dios recompensa la justicia y fidelidad,David dejó el juicio en manos de Dios y destacó la integridad.,Revisar,No,No
QB0585,AT,2 Samuel,2 Samuel 1:17,Intermedio,¿Qué hizo David después de la muerte de Saúl y Jonatán?,A Compuso un lamento,B Celebró,C Se coronó inmediatamente,D Regresó a Belén,A,Compuso un lamento,David expresó públicamente su dolor mediante un canto fúnebre.,Revisar,No,No
QB0586,AT,2 Samuel,2 Samuel 2:4,Basico,¿Dónde fue ungido David como rey sobre Judá?,A Hebrón,B Jerusalén,C Belén,D Jericó,A,Hebrón,Los hombres de Judá ungieron a David en Hebrón.,Revisar,No,No
QB0587,AT,2 Samuel,2 Samuel 5:7,Intermedio,¿Qué ciudad fortificada conquistó David y convirtió en centro de su reino?,A Jerusalén,B Jericó,C Hebrón,D Samaria,A,Jerusalén,David conquistó la fortaleza de Sion y estableció allí su capital.,Revisar,No,No
QB0588,AT,2 Samuel,2 Samuel 6:7,Avanzado,¿Qué ocurrió con Uza cuando tocó el arca?,A Murió,B Fue nombrado sacerdote,C Recibió una bendición,D Huyó,A,Murió,El relato presenta un juicio inmediato por tocar el arca durante su traslado.,Revisar,No,No
QB0589,AT,2 Samuel,2 Samuel 7:18,Intermedio,¿Cómo reaccionó David después de recibir la promesa de Dios sobre su casa?,A Se sentó delante de Dios y oró con humildad,B Organizó una fiesta militar,C Abandonó Jerusalén,D Construyó el templo,A,Se sentó delante de Dios y oró con humildad,David respondió a la promesa con una oración humilde y agradecida.,Revisar,No,No
QB0590,AT,2 Samuel,2 Samuel 9:7,Basico,¿Cómo trató David a Mefi-boset, hijo de Jonatán?,A Le mostró bondad y le dio un lugar en su mesa,B Lo expulsó,C Lo encarceló,D Lo envió a Egipto,A,Le mostró bondad y le dio un lugar en su mesa,David honró su compromiso con Jonatán mostrando bondad a su hijo.,Revisar,No,No
QB0591,AT,2 Samuel,2 Samuel 11:14,Avanzado,¿Qué hizo David para intentar ocultar su pecado relacionado con Betsabé?,A Envió instrucciones que pusieron a Urías en peligro de muerte,B Confesó inmediatamente,C Renunció al trono,D Huyó a Egipto,A,Envió instrucciones que pusieron a Urías en peligro de muerte,David agravó su falta al planear la muerte de Urías.,Revisar,No,No
QB0592,AT,2 Samuel,2 Samuel 12:13,Intermedio,¿Cómo respondió David cuando Natán lo confrontó?,A Reconoció haber pecado,B Negó todo,C Acusó a otros,D Huyó,A,Reconoció haber pecado,David confesó su pecado después de la confrontación profética.,Revisar,No,No
QB0593,AT,2 Samuel,2 Samuel 15:23,Intermedio,¿Qué sentimiento acompañó la salida de David de Jerusalén durante la rebelión de Absalón?,A Llanto del pueblo,B Celebración,C Indiferencia,D Alegría militar,A,Llanto del pueblo,La salida de David se describe como un momento de gran tristeza.,Revisar,No,No
QB0594,AT,2 Samuel,2 Samuel 18:5,Intermedio,¿Qué orden dio David a sus comandantes respecto a Absalón?,A Tratarlo con cuidado,B Matarlo inmediatamente,C Enviarlo a Egipto,D Coronarlo,A,Tratarlo con cuidado,A pesar de la rebelión, David pidió que trataran con consideración a su hijo.,Revisar,No,No
QB0595,AT,2 Samuel,2 Samuel 22:2,Basico,¿Con qué imágenes describe David a Dios en su canto?,A Roca, fortaleza y libertador,B Río y campo,C Rey humano y soldado,D Ciudad y templo,A,Roca, fortaleza y libertador,David usa imágenes de protección y estabilidad para expresar confianza en Dios.,Revisar,No,No
QB0596,AT,2 Samuel,2 Samuel 24:24,Avanzado,¿Qué principio expresó David al comprar el lugar para ofrecer sacrificios?,A No ofrecer a Dios algo que no le cueste nada,B Usar únicamente regalos,C Evitar todo sacrificio,D Pedir al pueblo que pagara,A,No ofrecer a Dios algo que no le cueste nada,David insistió en asumir personalmente el costo de la ofrenda.,Revisar,No,No
QB0597,AT,1 Reyes,1 Reyes 1:39,Basico,¿Quién fue ungido como rey mientras David aún vivía?,A Salomón,B Adonías,C Absalón,D Joab,A,Salomón,Salomón fue ungido públicamente como rey.,Revisar,No,No
QB0598,AT,1 Reyes,1 Reyes 2:3,Intermedio,¿Qué consejo dio David a Salomón antes de morir?,A Guardar los caminos y mandamientos de Dios,B Construir una flota,C Ir a Egipto,D Evitar gobernar,A,Guardar los caminos y mandamientos de Dios,David vinculó el éxito de Salomón con la obediencia a Dios.,Revisar,No,No
QB0599,AT,1 Reyes,1 Reyes 3:16,Intermedio,¿Qué caso mostró públicamente la sabiduría de Salomón?,A La disputa de dos mujeres por un niño,B Una batalla contra Egipto,C La construcción de una muralla,D Un juicio sobre impuestos,A,La disputa de dos mujeres por un niño,La resolución del caso hizo evidente la sabiduría de Salomón.,Revisar,No,No
QB0600,AT,1 Reyes,1 Reyes 4:29,Intermedio,¿Qué se dice acerca de la sabiduría de Salomón?,A Que Dios le dio gran sabiduría y entendimiento,B Que era limitada,C Que dependía de Egipto,D Que solo servía para la guerra,A,Que Dios le dio gran sabiduría y entendimiento,El relato atribuye la amplitud de la sabiduría de Salomón a Dios.,Revisar,No,No
QB0601,AT,1 Reyes,1 Reyes 6:38,Intermedio,¿Cuánto tiempo tomó aproximadamente la construcción del templo?,A Siete años,B Tres años,C Doce años,D Cuarenta años,A,Siete años,El relato indica que la construcción duró siete años.,Revisar,No,No
QB0602,AT,1 Reyes,1 Reyes 8:27,Avanzado,¿Qué reconoce Salomón en su oración acerca de Dios y el templo?,A Que ni los cielos pueden contener plenamente a Dios,B Que Dios solo habita en el templo,C Que el templo limita su presencia,D Que Jerusalén es más grande que Dios,A,Que ni los cielos pueden contener plenamente a Dios,Salomón reconoce que la presencia de Dios supera cualquier edificio humano.,Revisar,No,No
QB0603,AT,1 Reyes,1 Reyes 10:6,Intermedio,¿Qué reconoció la reina de Sabá después de escuchar a Salomón?,A Que las noticias sobre su sabiduría eran verdaderas,B Que todo era falso,C Que Egipto era superior,D Que Salomón no era rey,A,Que las noticias sobre su sabiduría eran verdaderas,La visita confirmó la reputación de Salomón.,Revisar,No,No
QB0604,AT,1 Reyes,1 Reyes 11:11,Avanzado,¿Qué consecuencia anunció Dios por la infidelidad de Salomón?,A El reino sería dividido,B El templo sería ampliado,C Salomón viviría para siempre,D Israel volvería a Egipto,A,El reino sería dividido,La infidelidad de Salomón tuvo consecuencias para la unidad futura del reino.,Revisar,No,No
QB0605,AT,1 Reyes,1 Reyes 12:28,Avanzado,¿Qué hizo Jeroboam para evitar que el pueblo viajara a Jerusalén?,A Hizo becerros de oro,B Construyó el templo,C Cerró las fronteras,D Destruyó Betel,A,Hizo becerros de oro,Jeroboam estableció centros alternativos de culto con becerros de oro.,Revisar,No,No
QB0606,AT,1 Reyes,1 Reyes 17:14,Intermedio,¿Qué promesa recibió la viuda de Sarepta sobre su harina y aceite?,A No se agotarían durante la sequía,B Se convertirían en oro,C Debía compartirlos con el rey,D Desaparecerían,A,No se agotarían durante la sequía,La provisión de la viuda continuó durante el período de escasez.,Revisar,No,No
QB0607,AT,1 Reyes,1 Reyes 18:38,Basico,¿Qué ocurrió con la ofrenda de Elías en el Carmelo?,A Cayó fuego y la consumió,B Llovió sobre ella,C Se apagó el altar,D Los sacerdotes la retiraron,A,Cayó fuego y la consumió,La respuesta mediante fuego fue la señal propuesta por Elías.,Revisar,No,No
QB0608,AT,1 Reyes,1 Reyes 19:4,Intermedio,¿Cómo se sentía Elías después de huir de Jezabel?,A Desanimado y deseando morir,B Alegre por la victoria,C Preparado para ser rey,D Indiferente,A,Desanimado y deseando morir,El relato muestra el agotamiento emocional de Elías después de una etapa intensa.,Revisar,No,No
QB0609,AT,1 Reyes,1 Reyes 21:19,Avanzado,¿Qué profeta confrontó a Acab por el caso de la viña de Nabot?,A Elías,B Eliseo,C Isaías,D Natán,A,Elías,Elías denunció la injusticia relacionada con Nabot.,Revisar,No,No
QB0610,AT,2 Reyes,2 Reyes 1:3,Intermedio,¿Qué reproche recibió el rey Ocozías por consultar a Baal-zebub?,A Actuaba como si no hubiera Dios en Israel,B Había olvidado un impuesto,C No construyó un altar,D No nombró sacerdote,A,Actuaba como si no hubiera Dios en Israel,El mensaje profético cuestionó que buscara una respuesta en una divinidad extranjera.,Revisar,No,No
QB0611,AT,2 Reyes,2 Reyes 2:9,Avanzado,¿Qué pidió Eliseo a Elías antes de su partida?,A Una doble porción de su espíritu,B Su manto únicamente,C Su casa,D Su riqueza,A,Una doble porción de su espíritu,Eliseo pidió una porción asociada con continuidad y responsabilidad profética.,Revisar,No,No
QB0612,AT,2 Reyes,2 Reyes 4:3,Intermedio,¿Qué pidió Eliseo a la viuda que reuniera para el milagro del aceite?,A Vasijas vacías,B Sacos de trigo,C Piedras,D Copas de oro,A,Vasijas vacías,La cantidad de recipientes disponibles determinó cuánto aceite pudo recogerse.,Revisar,No,No
QB0613,AT,2 Reyes,2 Reyes 5:13,Intermedio,¿Qué razonamiento usaron los siervos de Naamán para animarlo a obedecer?,A Si le hubieran pedido algo difícil también lo habría hecho,B El río era famoso,C Eliseo era rey,D Debía volver a Siria,A,Si le hubieran pedido algo difícil también lo habría hecho,Los siervos ayudaron a Naamán a superar su orgullo y obedecer una instrucción sencilla.,Revisar,No,No
QB0614,AT,2 Reyes,2 Reyes 6:17,Avanzado,¿Qué vio el siervo de Eliseo después de que sus ojos fueron abiertos?,A Caballos y carros de fuego alrededor,B Un ejército egipcio,C Una ciudad de oro,D El templo,A,Caballos y carros de fuego alrededor,La visión mostró una realidad de protección que antes no podía percibir.,Revisar,No,No
QB0615,AT,2 Reyes,2 Reyes 17:13,Intermedio,¿Qué habían hecho repetidamente los profetas antes de la caída de Israel?,A Advertir al pueblo para que abandonara sus malos caminos,B Animar a servir ídolos,C Proponer una alianza con Egipto,D Ordenar abandonar la ley,A,Advertir al pueblo para que abandonara sus malos caminos,El relato subraya que el juicio fue precedido por numerosas advertencias proféticas.,Revisar,No,No
QB0616,AT,2 Reyes,2 Reyes 18:4,Intermedio,¿Qué reforma realizó Ezequías respecto a objetos de culto indebido?,A Los destruyó, incluida la serpiente de bronce convertida en objeto de culto,B Los multiplicó,C Los trasladó a Egipto,D Los escondió,A,Los destruyó, incluida la serpiente de bronce convertida en objeto de culto,Ezequías eliminó prácticas idolátricas y objetos usados de manera incorrecta.,Revisar,No,No
QB0617,AT,2 Reyes,2 Reyes 19:35,Avanzado,¿Qué ocurrió con el ejército asirio que amenazaba Jerusalén?,A Sufrió una derrota extraordinaria durante la noche,B Conquistó Jerusalén,C Fue coronado en el templo,D Se unió a Judá,A,Sufrió una derrota extraordinaria durante la noche,El relato atribuye la liberación de Jerusalén a una intervención divina.,Revisar,No,No
QB0618,AT,2 Reyes,2 Reyes 20:5,Intermedio,¿Qué mensaje recibió Ezequías después de orar por su enfermedad?,A Dios había escuchado su oración y lo sanaría,B Debía abandonar Jerusalén,C Sería reemplazado ese día,D No había esperanza,A,Dios había escuchado su oración y lo sanaría,La oración del rey recibió una respuesta que incluía sanidad y prolongación de vida.,Revisar,No,No
QB0619,AT,2 Reyes,2 Reyes 22:8,Basico,¿Qué encontró el sumo sacerdote Hilcías durante las reparaciones del templo?,A El libro de la ley,B El arca perdida,C Una corona,D Un tesoro egipcio,A,El libro de la ley,El hallazgo del libro produjo una reforma importante durante el reinado de Josías.,Revisar,No,No
QB0620,AT,2 Reyes,2 Reyes 23:25,Avanzado,¿Qué característica se atribuye al rey Josías respecto a su retorno a Dios?,A Se volvió a Dios con todo su corazón, alma y fuerzas,B Evitó toda reforma,C Se convirtió en sacerdote,D Abandonó Jerusalén,A,Se volvió a Dios con todo su corazón, alma y fuerzas,El relato hace una valoración excepcional de la fidelidad reformadora de Josías.,Revisar,No,No
QB0621,AT,2 Reyes,2 Reyes 24:14,Intermedio,¿Qué ocurrió con gran parte de la población de Jerusalén durante la conquista babilónica?,A Fue llevada al exilio,B Se trasladó voluntariamente a Egipto,C Permaneció sin cambios,D Se convirtió en ejército,A,Fue llevada al exilio,El avance de Babilonia produjo deportaciones importantes.,Revisar,No,No
QB0622,AT,2 Reyes,2 Reyes 25:21,Avanzado,¿Qué acontecimiento resume el final de Judá en 2 Reyes?,A El pueblo fue llevado al exilio,B Se reconstruyó el templo,C David volvió al trono,D Israel conquistó Babilonia,A,El pueblo fue llevado al exilio,El libro culmina con la caída de Jerusalén y el exilio de Judá.,Revisar,No,No
QB0623,AT,1 Crónicas,1 Crónicas 4:10,Intermedio,¿Qué pidió Jabes en su oración?,A Bendición, expansión y protección,B Un reino,C Una guerra,D Una corona,A,Bendición, expansión y protección,La oración de Jabes pide bendición y protección divina.,Revisar,No,No
QB0624,AT,1 Crónicas,1 Crónicas 11:9,Basico,¿Qué ocurrió con David mientras aumentaba su poder?,A Dios estaba con él,B Quedó solo,C Perdió Jerusalén,D Abandonó el reino,A,Dios estaba con él,El crecimiento del poder de David se relaciona con la presencia de Dios.,Revisar,No,No
QB0625,AT,1 Crónicas,1 Crónicas 13:8,Intermedio,¿Cómo celebraban David y el pueblo durante el traslado del arca?,A Con música e instrumentos,B En silencio,C Con ayuno,D Con guerra,A,Con música e instrumentos,El traslado estuvo acompañado por una celebración musical intensa.,Revisar,No,No
QB0626,AT,1 Crónicas,1 Crónicas 15:13,Avanzado,¿Qué reconoció David acerca del primer intento de trasladar el arca?,A No habían seguido el procedimiento establecido,B Habían usado demasiados músicos,C El camino era muy largo,D No había suficientes soldados,A,No habían seguido el procedimiento establecido,David reconoció que el traslado anterior no había respetado las instrucciones correspondientes.,Revisar,No,No
QB0627,AT,1 Crónicas,1 Crónicas 16:11,Basico,¿Qué exhortación se da respecto a Dios y su fuerza?,A Buscarlo continuamente,B Evitarlo,C Buscar solo señales,D Confiar en el ejército,A,Buscarlo continuamente,El canto invita a buscar de manera constante la presencia y fuerza de Dios.,Revisar,No,No
QB0628,AT,1 Crónicas,1 Crónicas 21:24,Avanzado,¿Qué principio expresó David al comprar el lugar para el altar?,A No ofrecer lo que no le costara nada,B Pedirlo gratis,C Usar solo dinero público,D Evitar construir un altar,A,No ofrecer lo que no le costara nada,David insistió en asumir personalmente el costo de la ofrenda.,Revisar,No,No
QB0629,AT,1 Crónicas,1 Crónicas 22:5,Intermedio,¿Por qué preparó David materiales para el templo antes de morir?,A Porque Salomón era joven e inexperto,B Porque Salomón estaba ausente,C Porque el templo ya existía,D Porque Egipto lo pidió,A,Porque Salomón era joven e inexperto,David quiso facilitar la futura construcción del templo.,Revisar,No,No
QB0630,AT,1 Crónicas,1 Crónicas 28:20,Basico,¿Qué exhortación dio David a Salomón antes de construir el templo?,A Ser fuerte y actuar sin miedo,B Esperar varios años,C Ir a Egipto,D Abandonar el proyecto,A,Ser fuerte y actuar sin miedo,David animó a Salomón a actuar confiando en la presencia de Dios.,Revisar,No,No
QB0631,AT,1 Crónicas,1 Crónicas 29:14,Avanzado,¿Qué reconoce David acerca de las ofrendas entregadas para el templo?,A Todo proviene de Dios y de lo recibido de él se ofrece,B Las riquezas pertenecen solo al rey,C El pueblo produjo todo por sí mismo,D Dios no tiene relación con las ofrendas,A,Todo proviene de Dios y de lo recibido de él se ofrece,David reconoce a Dios como fuente de los recursos ofrecidos.,Revisar,No,No
QB0632,AT,2 Crónicas,2 Crónicas 2:5,Intermedio,¿Por qué debía ser grande el templo que Salomón construiría?,A Porque Dios es grande sobre todos los dioses,B Porque Salomón quería fama,C Porque Egipto lo exigía,D Porque David había construido uno pequeño,A,Porque Dios es grande sobre todos los dioses,La grandeza del templo se relaciona con la grandeza atribuida a Dios.,Revisar,No,No
QB0633,AT,2 Crónicas,2 Crónicas 5:13,Basico,¿Qué ocurrió cuando músicos y cantores alababan durante la dedicación?,A La casa se llenó de una nube,B Comenzó una guerra,C El templo se incendió,D El rey se fue,A,La casa se llenó de una nube,La nube simbolizó la presencia divina durante la celebración.,Revisar,No,No
QB0634,AT,2 Crónicas,2 Crónicas 6:18,Avanzado,¿Qué reconoce Salomón acerca de la presencia de Dios y el templo?,A Que los cielos no pueden contenerlo plenamente,B Que solo vive en el templo,C Que depende del edificio,D Que Jerusalén es más grande que él,A,Que los cielos no pueden contenerlo plenamente,La oración reconoce la trascendencia de Dios más allá de cualquier construcción.,Revisar,No,No
QB0635,AT,2 Crónicas,2 Crónicas 12:6,Intermedio,¿Cómo reaccionaron Roboam y los líderes ante el mensaje de juicio?,A Se humillaron,B Se burlaron,C Huyeron,D Culparon a Egipto,A,Se humillaron,La respuesta de humildad modificó parcialmente la severidad del juicio anunciado.,Revisar,No,No
QB0636,AT,2 Crónicas,2 Crónicas 16:9,Intermedio,¿Qué se afirma acerca de los ojos del Señor?,A Recorren toda la tierra para fortalecer a quienes le son fieles,B Solo miran Jerusalén,C No observan a las personas,D Buscan únicamente a los reyes,A,Recorren toda la tierra para fortalecer a quienes le son fieles,El pasaje usa esta imagen para destacar el cuidado y conocimiento de Dios.,Revisar,No,No
QB0637,AT,2 Crónicas,2 Crónicas 20:21,Intermedio,¿Qué hizo Josafat antes de la batalla?,A Puso cantores delante del ejército,B Huyó,C Envió solo sacerdotes,D Se rindió,A,Puso cantores delante del ejército,La confianza del pueblo se expresó mediante alabanza antes del enfrentamiento.,Revisar,No,No
QB0638,AT,2 Crónicas,2 Crónicas 26:16,Avanzado,¿Qué problema surgió en Uzías cuando se fortaleció?,A Se llenó de orgullo,B Perdió toda riqueza,C Abandonó Jerusalén,D Fue llevado cautivo,A,Se llenó de orgullo,El relato presenta el orgullo como causa de su caída.,Revisar,No,No
QB0639,AT,2 Crónicas,2 Crónicas 29:3,Basico,¿Qué hizo Ezequías al comenzar su reinado?,A Abrió las puertas del templo y las reparó,B Cerró el templo,C Se fue a Egipto,D Quitó a los sacerdotes,A,Abrió las puertas del templo y las reparó,Ezequías inició una reforma religiosa desde el comienzo de su reinado.,Revisar,No,No
QB0640,AT,2 Crónicas,2 Crónicas 34:3,Intermedio,¿Qué comenzó a hacer Josías siendo todavía joven?,A Buscar a Dios,B Construir palacios,C Preparar una guerra,D Abandonar Jerusalén,A,Buscar a Dios,El relato destaca que Josías comenzó temprano una búsqueda sincera de Dios.,Revisar,No,No
QB0641,AT,2 Crónicas,2 Crónicas 36:23,Basico,¿Qué decreto cierra el libro?,A La autorización de Ciro para reconstruir el templo,B La coronación de David,C La destrucción de Egipto,D La división del reino,A,La autorización de Ciro para reconstruir el templo,El libro termina con una nota de esperanza vinculada al decreto de Ciro.,Revisar,No,No
QB0642,AT,Esdras,Esdras 2:1,Intermedio,¿Qué grupo principal registra el capítulo 2?,A Los exiliados que regresaron a Jerusalén y Judá,B Los soldados de Egipto,C Los profetas de Samaria,D Los sacerdotes romanos,A,Los exiliados que regresaron a Jerusalén y Judá,El capítulo ofrece una lista de quienes regresaron del exilio.,Revisar,No,No
QB0643,AT,Esdras,Esdras 3:2,Basico,¿Qué reconstruyeron primero Jesúa y Zorobabel?,A El altar,B La muralla,C El palacio,D La puerta oriental,A,El altar,Antes de reconstruir el templo se restableció el altar para el culto.,Revisar,No,No
QB0644,AT,Esdras,Esdras 4:4,Intermedio,¿Cómo reaccionaron algunos habitantes de la región ante la reconstrucción?,A Intentaron desanimar e intimidar al pueblo,B Ayudaron con materiales,C Abandonaron el territorio,D Se convirtieron en sacerdotes,A,Intentaron desanimar e intimidar al pueblo,La reconstrucción enfrentó oposición y presión externa.,Revisar,No,No
QB0645,AT,Esdras,Esdras 5:2,Basico,¿Quiénes retomaron la construcción del templo?,A Zorobabel y Jesúa,B Esdras y Nehemías,C David y Salomón,D Ciro y Darío,A,Zorobabel y Jesúa,Ambos líderes reanudaron la obra con apoyo profético.,Revisar,No,No
QB0646,AT,Esdras,Esdras 6:15,Intermedio,¿Qué ocurrió finalmente con el templo?,A Fue terminado,B Fue abandonado,C Fue destruido por Roma,D Se trasladó a Susa,A,Fue terminado,La reconstrucción culminó durante el reinado de Darío.,Revisar,No,No
QB0647,AT,Esdras,Esdras 7:6,Intermedio,¿Cómo se describe a Esdras respecto a la ley de Moisés?,A Como escriba experto,B Como soldado,C Como rey,D Como constructor,A,Como escriba experto,Esdras es presentado como especialista en la ley.,Revisar,No,No
QB0648,AT,Esdras,Esdras 8:21,Intermedio,¿Qué hizo Esdras antes del viaje a Jerusalén?,A Proclamó ayuno para buscar protección de Dios,B Contrató un ejército egipcio,C Canceló el viaje,D Construyó una muralla,A,Proclamó ayuno para buscar protección de Dios,La comunidad buscó dirección y protección mediante ayuno y oración.,Revisar,No,No
QB0649,AT,Esdras,Esdras 9:6,Avanzado,¿Qué actitud mostró Esdras al orar por los pecados del pueblo?,A Vergüenza y profunda humillación,B Orgullo,C Indiferencia,D Alegría,A,Vergüenza y profunda humillación,La oración refleja una fuerte identificación con la culpa colectiva.,Revisar,No,No
QB0650,AT,Esdras,Esdras 10:1,Intermedio,¿Qué ocurrió mientras Esdras oraba y confesaba?,A Se reunió una gran multitud que lloraba,B El pueblo abandonó Jerusalén,C Llegó un ejército,D El templo fue cerrado,A,Se reunió una gran multitud que lloraba,La oración de Esdras generó una respuesta colectiva de arrepentimiento.,Revisar,No,No
QB0651,AT,Nehemías,Nehemías 1:11,Intermedio,¿Qué pidió Nehemías antes de hablar con el rey?,A Éxito y favor ante él,B Una gran riqueza,C Un ejército,D Un nuevo cargo,A,Éxito y favor ante él,Nehemías oró buscando una oportunidad favorable para presentar su petición.,Revisar,No,No
QB0652,AT,Nehemías,Nehemías 2:5,Basico,¿Qué pidió Nehemías al rey?,A Permiso para reconstruir Jerusalén,B Ser nombrado sacerdote,C Conquistar Egipto,D Abandonar Persia,A,Permiso para reconstruir Jerusalén,Nehemías pidió autorización para ir a Judá y reconstruir la ciudad.,Revisar,No,No
QB0653,AT,Nehemías,Nehemías 2:12,Intermedio,¿Qué hizo Nehemías de noche antes de anunciar su plan?,A Inspeccionó las murallas,B Organizó una fiesta,C Huyó de la ciudad,D Convocó al ejército,A,Inspeccionó las murallas,Nehemías evaluó personalmente la situación antes de presentar su propuesta.,Revisar,No,No
QB0654,AT,Nehemías,Nehemías 3:1,Basico,¿Qué parte comenzaron a reconstruir el sumo sacerdote y otros sacerdotes?,A La puerta de las Ovejas,B El palacio,C El templo completo,D La torre de David,A,La puerta de las Ovejas,El capítulo comienza describiendo la reconstrucción de esa puerta.,Revisar,No,No
QB0655,AT,Nehemías,Nehemías 4:9,Intermedio,¿Cómo respondió el pueblo a las amenazas durante la reconstrucción?,A Oró y puso guardia,B Abandonó la obra,C Atacó primero,D Huyó a Persia,A,Oró y puso guardia,La respuesta combinó confianza espiritual y medidas prácticas de protección.,Revisar,No,No
QB0656,AT,Nehemías,Nehemías 5:7,Avanzado,¿Qué problema interno confrontó Nehemías entre los judíos?,A Explotación económica mediante préstamos y deudas,B Falta de soldados,C Escasez de sacerdotes,D Ausencia de murallas,A,Explotación económica mediante préstamos y deudas,Nehemías denunció la injusticia de quienes se aprovechaban de sus propios hermanos.,Revisar,No,No
QB0657,AT,Nehemías,Nehemías 6:15,Basico,¿Cuánto tardó la reconstrucción principal de la muralla?,A 52 días,B 7 días,C 40 días,D Un año,A,52 días,El relato destaca la rapidez con que se completó la muralla.,Revisar,No,No
QB0658,AT,Nehemías,Nehemías 8:10,Basico,¿Qué se presenta como fuente de fortaleza para el pueblo?,A El gozo del Señor,B La riqueza,C El ejército,D La muralla,A,El gozo del Señor,El pueblo fue animado a encontrar fortaleza en el gozo procedente de Dios.,Revisar,No,No
QB0659,AT,Nehemías,Nehemías 9:3,Intermedio,¿Qué dos actividades ocuparon largos períodos durante la reunión de confesión?,A Lectura de la ley y confesión/adoración,B Construcción y comercio,C Guerra y descanso,D Viajes y sacrificios,A,Lectura de la ley y confesión/adoración,La comunidad dedicó tiempo tanto a escuchar la ley como a confesar y adorar.,Revisar,No,No
QB0660,AT,Nehemías,Nehemías 12:43,Intermedio,¿Qué caracterizó la celebración de la dedicación de la muralla?,A Gran alegría,B Silencio total,C Miedo,D Tristeza,A,Gran alegría,La dedicación estuvo marcada por sacrificios y una alegría intensa.,Revisar,No,No
QB0661,AT,Ester,Ester 1:12,Intermedio,¿Qué hizo la reina Vasti ante la orden del rey?,A Se negó a presentarse,B Obedeció inmediatamente,C Huyó del reino,D Se coronó,A,Se negó a presentarse,La negativa de Vasti desencadenó una crisis en la corte.,Revisar,No,No
QB0662,AT,Ester,Ester 2:7,Basico,¿Cuál era el otro nombre de Ester?,A Hadasa,B Mara,C Rut,D Débora,A,Hadasa,El relato identifica a Ester también con el nombre Hadasa.,Revisar,No,No
QB0663,AT,Ester,Ester 2:10,Intermedio,¿Qué información no reveló Ester inicialmente por consejo de Mardoqueo?,A Su origen familiar y pueblo,B Su nombre,C Su edad,D Su ciudad,A,Su origen familiar y pueblo,Ester mantuvo en reserva su identidad étnica siguiendo el consejo de Mardoqueo.,Revisar,No,No
QB0664,AT,Ester,Ester 3:2,Intermedio,¿Qué conducta de Mardoqueo generó tensión con Amán?,A No se inclinaba ante él,B Le robó dinero,C Lo insultó públicamente,D Lo expulsó del palacio,A,No se inclinaba ante él,La negativa de Mardoqueo a inclinarse despertó el enojo de Amán.,Revisar,No,No
QB0665,AT,Ester,Ester 4:16,Avanzado,¿Qué pidió Ester a los judíos de Susa antes de presentarse ante el rey?,A Ayunar por ella,B Reunir un ejército,C Enviar dinero,D Abandonar la ciudad,A,Ayunar por ella,Ester buscó apoyo mediante ayuno antes de asumir el riesgo de acercarse al rey.,Revisar,No,No
QB0666,AT,Ester,Ester 5:2,Basico,¿Cómo reaccionó el rey cuando Ester se presentó sin ser llamada?,A Le extendió el cetro y la recibió,B Ordenó arrestarla,C La ignoró,D La expulsó,A,Le extendió el cetro y la recibió,El gesto del cetro indicó aceptación y protección.,Revisar,No,No
QB0667,AT,Ester,Ester 6:1,Intermedio,¿Qué circunstancia llevó al rey a revisar los registros reales?,A No podía dormir,B Recibió una carta,C Llegó un profeta,D Hubo una guerra,A,No podía dormir,La falta de sueño desencadenó una serie de acontecimientos que favorecieron a Mardoqueo.,Revisar,No,No
QB0668,AT,Ester,Ester 7:6,Basico,¿A quién identificó Ester como enemigo de su pueblo?,A Amán,B Mardoqueo,C Asuero,D Ciro,A,Amán,Ester señaló directamente a Amán como responsable de la amenaza.,Revisar,No,No
QB0669,AT,Ester,Ester 8:17,Intermedio,¿Qué efecto produjo el nuevo decreto favorable a los judíos?,A Alegría y celebración en muchas ciudades,B Una guerra con Egipto,C El abandono de Persia,D La destrucción del palacio,A,Alegría y celebración en muchas ciudades,La nueva situación generó alivio y celebración entre los judíos.,Revisar,No,No
QB0670,AT,Ester,Ester 9:22,Intermedio,¿Qué práctica se relaciona con la fiesta de Purim?,A Compartir regalos y ayudar a los necesitados,B Ayunar cuarenta días,C Viajar a Jerusalén,D Construir altares,A,Compartir regalos y ayudar a los necesitados,La celebración incluía alegría, intercambio de alimentos y ayuda a personas necesitadas.,Revisar,No,No
QB0671,AT,Job,Job 1:1,Basico,¿Cómo se describe a Job al inicio del libro?,A Íntegro y temeroso de Dios,B Rey de Israel,C Profeta de Jerusalén,D Soldado,A,Íntegro y temeroso de Dios,El prólogo presenta a Job como una persona recta y reverente.,Revisar,No,No
QB0672,AT,Job,Job 1:8,Intermedio,¿Qué aspecto de Job destaca Dios en la conversación celestial?,A Su integridad,B Su riqueza únicamente,C Su conocimiento militar,D Su linaje real,A,Su integridad,Dios destaca la rectitud y temor de Dios presentes en Job.,Revisar,No,No
QB0673,AT,Job,Job 2:10,Intermedio,¿Cómo respondió Job a la propuesta de rechazar a Dios por el sufrimiento?,A Afirmó que también debía aceptarse la adversidad,B Estuvo de acuerdo,C Abandonó su fe,D Huyó,A,Afirmó que también debía aceptarse la adversidad,Job mantuvo su postura de aceptar tanto bienestar como adversidad sin acusar a Dios.,Revisar,No,No
QB0674,AT,Job,Job 3:1,Avanzado,¿Qué hizo Job después de siete días de silencio con sus amigos?,A Comenzó a lamentar el día de su nacimiento,B Cantó una alabanza,C Regresó a trabajar,D Se fue de casa,A,Comenzó a lamentar el día de su nacimiento,El capítulo 3 inicia los discursos con un profundo lamento de Job.,Revisar,No,No
QB0675,AT,Job,Job 4:7,Avanzado,¿Qué supuesto expresa Elifaz al preguntar quién inocente ha perecido?,A Que el sufrimiento siempre corresponde directamente a culpa,B Que el sufrimiento nunca existe,C Que Job es rey,D Que Dios no juzga,A,Que el sufrimiento siempre corresponde directamente a culpa,El discurso refleja una visión retributiva que luego será debatida a lo largo del libro.,Revisar,No,No
QB0676,AT,Job,Job 13:15,Experto,¿Qué disposición expresa Job incluso ante la posibilidad de morir?,A Mantener su confianza y defender su camino ante Dios,B Abandonar toda esperanza,C Aceptar las acusaciones de sus amigos,D Huir,A,Mantener su confianza y defender su camino ante Dios,Job combina confianza y deseo de presentar su causa ante Dios.,Revisar,No,No
QB0677,AT,Job,Job 19:25,Intermedio,¿Qué esperanza expresa Job en medio de su sufrimiento?,A Que su redentor vive,B Que su riqueza volverá inmediatamente,C Que sus amigos lo salvarán,D Que no morirá,A,Que su redentor vive,El pasaje contiene una de las afirmaciones de esperanza más conocidas del libro.,Revisar,No,No
QB0678,AT,Job,Job 28:28,Avanzado,¿Qué se identifica como sabiduría para el ser humano?,A Temer al Señor y apartarse del mal,B Acumular conocimiento técnico,C Poseer riqueza,D Ganar debates,A,Temer al Señor y apartarse del mal,El poema concluye definiendo la sabiduría mediante reverencia y conducta recta.,Revisar,No,No
QB0679,AT,Job,Job 31:1,Intermedio,¿Qué compromiso personal declara Job respecto a sus ojos?,A Evitar una mirada desordenada,B No mirar al cielo,C No mirar a sus amigos,D Cerrar los ojos durante la oración,A,Evitar una mirada desordenada,Job describe un compromiso moral con la pureza de sus intenciones.,Revisar,No,No
QB0680,AT,Job,Job 38:2,Avanzado,¿Qué cuestiona Dios al iniciar su respuesta a Job?,A Que hable sin pleno conocimiento,B Que no haya construido un altar,C Que sea demasiado rico,D Que no viaje,A,Que hable sin pleno conocimiento,La respuesta divina confronta la limitada comprensión humana.,Revisar,No,No
QB0681,AT,Job,Job 40:4,Intermedio,¿Cómo responde Job después de la primera intervención de Dios?,A Reconoce su pequeñez y guarda silencio,B Se declara vencedor,C Discute más fuerte,D Abandona el lugar,A,Reconoce su pequeñez y guarda silencio,Job comienza a reconocer los límites de su posición frente a Dios.,Revisar,No,No
QB0682,AT,Job,Job 42:10,Intermedio,¿Qué ocurrió después de que Job oró por sus amigos?,A Su situación fue restaurada,B Perdió lo poco que tenía,C Fue llevado a Egipto,D Dejó de hablar con ellos,A,Su situación fue restaurada,La restauración de Job se vincula narrativamente con su oración por sus amigos.,Revisar,No,No
QB0683,AT,Salmos,Salmos 1:2,Basico,¿En qué se deleita la persona descrita como bienaventurada?,A En la enseñanza del Señor,B En la riqueza,C En la guerra,D En la fama,A,En la enseñanza del Señor,El salmo presenta una vida centrada en la reflexión sobre la enseñanza divina.,Revisar,No,No
QB0684,AT,Salmos,Salmos 8:4,Intermedio,¿Qué pregunta expresa asombro por la atención de Dios al ser humano?,A Qué es el ser humano para que Dios se acuerde de él,B Por qué existen las estrellas,C Quién construyó Jerusalén,D Cuánto mide la tierra,A,Qué es el ser humano para que Dios se acuerde de él,El salmo contrasta la grandeza de la creación con la atención que Dios brinda a la humanidad.,Revisar,No,No
QB0685,AT,Salmos,Salmos 19:1,Basico,¿Qué proclaman los cielos según el salmo?,A La gloria de Dios,B La grandeza de los reyes,C La riqueza humana,D El poder de Egipto,A,La gloria de Dios,La creación es presentada como testimonio de la gloria de Dios.,Revisar,No,No
QB0686,AT,Salmos,Salmos 27:1,Basico,¿Cómo describe David al Señor frente al temor?,A Luz, salvación y fortaleza,B Enemigo,C Comerciante,D Juez humano,A,Luz, salvación y fortaleza,El salmo usa estas imágenes para expresar seguridad y confianza.,Revisar,No,No
QB0687,AT,Salmos,Salmos 32:5,Intermedio,¿Qué ocurrió cuando el salmista reconoció y confesó su pecado?,A Recibió perdón,B Fue expulsado,C Perdió toda esperanza,D Debió viajar al templo,A,Recibió perdón,El salmo vincula la confesión sincera con el perdón recibido.,Revisar,No,No
QB0688,AT,Salmos,Salmos 34:8,Basico,¿Qué invitación hace el salmo respecto a la bondad de Dios?,A Experimentarla y comprobarla,B Ignorarla,C Temer acercarse,D Esperar una señal política,A,Experimentarla y comprobarla,El salmo invita a conocer de manera personal la bondad de Dios.,Revisar,No,No
QB0689,AT,Salmos,Salmos 42:5,Intermedio,¿Qué consejo se da el salmista a sí mismo en medio del abatimiento?,A Esperar en Dios,B Abandonar la fe,C Huir a Egipto,D Evitar la oración,A,Esperar en Dios,El salmista confronta su desánimo recordándose la esperanza en Dios.,Revisar,No,No
QB0690,AT,Salmos,Salmos 51:17,Avanzado,¿Qué tipo de sacrificio interior valora Dios según el salmo?,A Un espíritu quebrantado y corazón arrepentido,B Una gran riqueza,C Una ofrenda costosa sin arrepentimiento,D Una victoria militar,A,Un espíritu quebrantado y corazón arrepentido,El salmo enfatiza una actitud interior sincera por encima del ritual vacío.,Revisar,No,No
QB0691,AT,Salmos,Salmos 63:1,Basico,¿Con qué intensidad busca el salmista a Dios?,A Como tierra seca que necesita agua,B Como comerciante buscando oro,C Como soldado buscando armas,D Como rey buscando poder,A,Como tierra seca que necesita agua,La sed sirve como imagen de un deseo profundo por Dios.,Revisar,No,No
QB0692,AT,Salmos,Salmos 73:26,Intermedio,¿Qué afirma el salmista aunque su cuerpo y corazón puedan fallar?,A Dios es su fortaleza y porción,B La riqueza lo sostendrá,C Sus amigos nunca fallarán,D El templo es suficiente,A,Dios es su fortaleza y porción,El salmo expresa una confianza que va más allá de la debilidad humana.,Revisar,No,No
QB0693,AT,Salmos,Salmos 84:10,Basico,¿Qué preferencia expresa el salmista respecto a estar en la presencia de Dios?,A Un día allí vale más que muchos en otro lugar,B Prefiere cualquier lugar,C Solo le interesa el palacio,D No hay diferencia,A,Un día allí vale más que muchos en otro lugar,El salmo expresa un fuerte deseo por la presencia de Dios.,Revisar,No,No
QB0694,AT,Salmos,Salmos 90:12,Intermedio,¿Qué pide el salmista respecto a la duración de la vida?,A Aprender a contar los días para adquirir sabiduría,B Vivir para siempre en la tierra,C No pensar en el tiempo,D Buscar riqueza,A,Aprender a contar los días para adquirir sabiduría,El pasaje relaciona la conciencia de la brevedad de la vida con sabiduría.,Revisar,No,No
QB0695,AT,Salmos,Salmos 103:12,Basico,¿Qué imagen usa el salmo para expresar el alejamiento de las transgresiones?,A Tan lejos como oriente de occidente,B Como cielo de tierra,C Como mar de desierto,D Como luz de oscuridad,A,Tan lejos como oriente de occidente,La imagen comunica la amplitud del perdón divino.,Revisar,No,No
QB0696,AT,Salmos,Salmos 121:1,Intermedio,¿Hacia dónde levanta los ojos el salmista al preguntar de dónde viene su ayuda?,A A los montes,B Al mar,C Al templo,D A Egipto,A,A los montes,El salmo inicia con una mirada hacia los montes y una pregunta sobre la fuente de ayuda.,Revisar,No,No
QB0697,AT,Salmos,Salmos 139:14,Basico,¿Qué motivo de alabanza expresa el salmista acerca de su propia formación?,A Haber sido creado de manera admirable,B Tener gran riqueza,C Ser rey,D No enfrentar dificultades,A,Haber sido creado de manera admirable,El salmo reconoce con asombro el cuidado de Dios en la formación humana.,Revisar,No,No
QB0698,AT,Salmos,Salmos 150:6,Basico,¿Quién es invitado a alabar al Señor al final del libro?,A Todo ser que respira,B Solo los sacerdotes,C Solo Israel,D Solo los músicos,A,Todo ser que respira,El libro concluye con una invitación universal a la alabanza.,Revisar,No,No
QB0699,AT,Proverbios,Proverbios 4:23,Basico,¿Qué se recomienda cuidar sobre todas las cosas?,A El corazón,B La riqueza,C La apariencia,D La fama,A,El corazón,El proverbio presenta el corazón como fuente de la conducta y de la vida.,Revisar,No,No
QB0700,AT,Proverbios,Proverbios 6:6,Intermedio,¿Qué animal se propone como ejemplo para aprender diligencia?,A La hormiga,B El león,C El águila,D La oveja,A,La hormiga,El proverbio invita a observar a la hormiga como modelo de trabajo y previsión.,Revisar,No,No
QB0701,AT,Proverbios,Proverbios 10:12,Basico,¿Qué efecto se atribuye al amor frente a las ofensas?,A Cubre muchas faltas,B Aumenta el conflicto,C Produce orgullo,D Elimina toda responsabilidad,A,Cubre muchas faltas,El proverbio contrasta el odio que provoca conflicto con el amor que favorece reconciliación.,Revisar,No,No
QB0702,AT,Proverbios,Proverbios 11:2,Intermedio,¿Qué acompaña a la humildad según el proverbio?,A Sabiduría,B Vergüenza,C Riqueza,D Poder,A,Sabiduría,El texto contrasta orgullo y humildad en relación con la sabiduría.,Revisar,No,No
QB0703,AT,Proverbios,Proverbios 12:18,Intermedio,¿Qué contraste hace el proverbio entre palabras imprudentes y palabras sabias?,A Unas hieren y otras sanan,B Ambas producen el mismo efecto,C Ninguna tiene consecuencias,D Solo las palabras escritas importan,A,Unas hieren y otras sanan,El proverbio subraya el poder constructivo o destructivo del habla.,Revisar,No,No
QB0704,AT,Proverbios,Proverbios 14:12,Intermedio,¿Qué advertencia se hace sobre un camino que parece correcto?,A Puede terminar en muerte,B Siempre conduce al éxito,C Depende de la riqueza,D Solo afecta a reyes,A,Puede terminar en muerte,El proverbio advierte contra confiar únicamente en la percepción propia.,Revisar,No,No
QB0705,AT,Proverbios,Proverbios 15:22,Intermedio,¿Qué ayuda a que los planes tengan éxito?,A Muchos consejeros,B El aislamiento,C La prisa,D El orgullo,A,Muchos consejeros,El proverbio valora la orientación de varias personas sabias.,Revisar,No,No
QB0706,AT,Proverbios,Proverbios 16:9,Intermedio,¿Qué relación se presenta entre los planes humanos y la dirección de Dios?,A La persona planea, pero Dios dirige sus pasos,B Dios no interviene,C Los planes siempre se cumplen,D Planear es inútil,A,La persona planea, pero Dios dirige sus pasos,El proverbio reconoce responsabilidad humana y soberanía divina.,Revisar,No,No
QB0707,AT,Proverbios,Proverbios 17:17,Basico,¿Cuándo demuestra especialmente su apoyo un amigo verdadero?,A En todo tiempo y particularmente en la adversidad,B Solo en fiestas,C Solo cuando recibe algo,D Nunca,A,En todo tiempo y particularmente en la adversidad,El proverbio destaca la fidelidad de la amistad en momentos difíciles.,Revisar,No,No
QB0708,AT,Proverbios,Proverbios 18:10,Basico,¿Con qué figura se compara el nombre del Señor?,A Una torre fuerte,B Una espada,C Un río,D Una casa,A,Una torre fuerte,La imagen comunica seguridad y refugio.,Revisar,No,No
QB0709,AT,Proverbios,Proverbios 19:21,Intermedio,¿Qué permanece a pesar de los muchos planes humanos?,A El propósito de Dios,B La riqueza,C La fama,D El poder político,A,El propósito de Dios,El proverbio contrapone planes humanos con el propósito estable de Dios.,Revisar,No,No
QB0710,AT,Proverbios,Proverbios 22:1,Intermedio,¿Qué se considera más valioso que grandes riquezas?,A Un buen nombre,B Una casa grande,C Una corona,D Un ejército,A,Un buen nombre,El proverbio valora la reputación y el carácter por encima del dinero.,Revisar,No,No
QB0711,AT,Proverbios,Proverbios 27:17,Intermedio,¿Qué imagen usa el proverbio para describir la influencia positiva entre personas?,A Hierro que afila hierro,B Agua que apaga fuego,C Sol que seca tierra,D Viento que mueve hojas,A,Hierro que afila hierro,La comparación resalta cómo las personas pueden ayudarse a crecer mutuamente.,Revisar,No,No
QB0712,AT,Proverbios,Proverbios 31:8,Intermedio,¿A favor de quién se pide levantar la voz?,A De quienes no pueden defenderse,B Solo de los ricos,C De los reyes,D De los comerciantes,A,De quienes no pueden defenderse,El proverbio llama a usar la voz para proteger a personas vulnerables.,Revisar,No,No
QB0713,AT,Eclesiastés,Eclesiastés 1:2,Intermedio,¿Qué palabra repetida utiliza el autor para describir la fugacidad de muchas cosas?,A Vanidad,B Gloria,C Justicia,D Victoria,A,Vanidad,El libro comienza subrayando la transitoriedad y limitación de la experiencia humana.,Revisar,No,No
QB0714,AT,Eclesiastés,Eclesiastés 2:24,Basico,¿Qué consejo práctico aparece respecto al trabajo y los bienes cotidianos?,A Disfrutarlos como don de Dios,B Rechazarlos siempre,C Acumularlos sin límite,D Compartirlos solo con reyes,A,Disfrutarlos como don de Dios,El libro reconoce valor en disfrutar de forma agradecida los frutos del trabajo.,Revisar,No,No
QB0715,AT,Eclesiastés,Eclesiastés 3:11,Intermedio,¿Qué se afirma acerca de lo que Dios hace en su tiempo?,A Lo hace apropiado en su momento,B Siempre llega tarde,C Depende del poder humano,D Nunca puede comprenderse nada,A,Lo hace apropiado en su momento,El pasaje vincula belleza, tiempo y los límites de la comprensión humana.,Revisar,No,No
QB0716,AT,Eclesiastés,Eclesiastés 4:10,Basico,¿Qué ventaja se destaca de no estar solo?,A Si uno cae, el otro puede levantarlo,B Se evita todo trabajo,C Nunca habrá conflictos,D Se obtiene riqueza,A,Si uno cae, el otro puede levantarlo,El texto presenta el apoyo mutuo como una ventaja de la compañía.,Revisar,No,No
QB0717,AT,Eclesiastés,Eclesiastés 5:2,Intermedio,¿Qué consejo se da respecto a hablar ante Dios?,A No precipitarse con las palabras,B Hablar sin pensar,C Prometer cualquier cosa,D Evitar toda oración,A,No precipitarse con las palabras,El texto recomienda reverencia y prudencia al dirigirse a Dios.,Revisar,No,No
QB0718,AT,Eclesiastés,Eclesiastés 7:2,Avanzado,¿Por qué considera el autor que la casa de duelo puede enseñar más que una fiesta?,A Porque recuerda el destino humano y lleva a reflexionar,B Porque las fiestas son siempre malas,C Porque no hay alegría permitida,D Porque solo los ancianos deben celebrar,A,Porque recuerda el destino humano y lleva a reflexionar,El pasaje usa la conciencia de la mortalidad como fuente de reflexión y sabiduría.,Revisar,No,No
QB0719,AT,Eclesiastés,Eclesiastés 9:10,Basico,¿Cómo recomienda realizar el trabajo que se tiene delante?,A Con todas las fuerzas,B Con desgano,C Solo cuando haya recompensa,D Dejándolo para otros,A,Con todas las fuerzas,El libro anima a actuar diligentemente mientras existe oportunidad.,Revisar,No,No
QB0720,AT,Eclesiastés,Eclesiastés 11:5,Avanzado,¿Qué ejemplo usa el autor para señalar los límites del conocimiento humano?,A No comprender plenamente cómo se forma la vida en el vientre,B No saber construir una casa,C No conocer todos los caminos,D No poder medir una ciudad,A,No comprender plenamente cómo se forma la vida en el vientre,El pasaje relaciona misterios naturales con la imposibilidad de conocer plenamente la obra de Dios.,Revisar,No,No
QB0721,AT,Eclesiastés,Eclesiastés 12:1,Basico,¿Cuándo aconseja recordar al Creador?,A En los días de juventud,B Solo en la vejez,C Después de jubilarse,D Únicamente en tiempos difíciles,A,En los días de juventud,El cierre exhorta a orientar la vida hacia Dios desde temprano.,Revisar,No,No
QB0722,AT,Cantares,Cantares 1:2,Intermedio,¿Qué tema domina la apertura poética del libro?,A El amor y el afecto entre los protagonistas,B La guerra,C La construcción del templo,D El exilio,A,El amor y el afecto entre los protagonistas,El poema comienza con expresiones intensas de amor y deseo.,Revisar,No,No
QB0723,AT,Cantares,Cantares 2:10,Basico,¿Qué invitación aparece dirigida a la amada?,A Levantarse y venir,B Regresar a Egipto,C Construir una casa,D Esperar en silencio,A,Levantarse y venir,El poema incluye una invitación a salir y disfrutar de una nueva estación.,Revisar,No,No
QB0724,AT,Cantares,Cantares 2:15,Avanzado,¿Qué pequeños animales se mencionan como amenaza para las viñas?,A Zorros,B Leones,C Osos,D Aves,A,Zorros,La imagen de los pequeños zorros representa algo capaz de dañar las viñas en flor.,Revisar,No,No
QB0725,AT,Cantares,Cantares 3:4,Intermedio,¿Qué expresa la protagonista después de encontrar a quien ama?,A Lo sostiene y no quiere dejarlo,B Lo rechaza,C Lo envía lejos,D Lo acusa,A,Lo sostiene y no quiere dejarlo,El poema expresa un fuerte deseo de mantener la cercanía con la persona amada.,Revisar,No,No
QB0726,AT,Cantares,Cantares 4:7,Basico,¿Cómo describe el amado a la mujer?,A Hermosa y sin defecto,B Distante y desconocida,C Triste,D Pobre,A,Hermosa y sin defecto,El poema utiliza lenguaje de admiración y belleza.,Revisar,No,No
QB0727,AT,Cantares,Cantares 5:2,Intermedio,¿Qué escena inicia mientras la mujer duerme?,A Su amado llama a la puerta,B Llega un ejército,C Empieza una cosecha,D Aparece un rey,A,Su amado llama a la puerta,La escena describe un llamado del amado mientras ella está acostada.,Revisar,No,No
QB0728,AT,Cantares,Cantares 6:3,Basico,¿Qué expresión resume la pertenencia mutua entre los enamorados?,A Yo soy de mi amado y mi amado es mío,B Cada uno vive separado,C El amor terminó,D Ninguno pertenece al otro,A,Yo soy de mi amado y mi amado es mío,La frase expresa reciprocidad y compromiso afectivo.,Revisar,No,No
QB0729,AT,Cantares,Cantares 8:6,Avanzado,¿Con qué se compara la fuerza del amor?,A Con la muerte en intensidad,B Con una hoja seca,C Con una sombra,D Con una nube,A,Con la muerte en intensidad,El poema presenta el amor como una fuerza poderosa e intensa.,Revisar,No,No
QB0730,AT,Isaías,Isaías 1:17,Basico,¿Qué acciones de justicia se exhortan a practicar?,A Defender al oprimido y al vulnerable,B Buscar riqueza,C Evitar a los pobres,D Servir solo al rey,A,Defender al oprimido y al vulnerable,El inicio de Isaías vincula la verdadera fidelidad con justicia social.,Revisar,No,No
QB0731,AT,Isaías,Isaías 5:7,Intermedio,¿Qué esperaba Dios de su pueblo en la imagen de la viña?,A Justicia y rectitud,B Poder militar,C Riqueza,D Expansión territorial,A,Justicia y rectitud,La canción de la viña denuncia la ausencia de justicia en Israel.,Revisar,No,No
QB0732,AT,Isaías,Isaías 6:5,Intermedio,¿Cómo reaccionó Isaías ante la visión de Dios?,A Reconoció su propia impureza,B Se sintió superior,C Huyó del templo,D Pidió una corona,A,Reconoció su propia impureza,La visión provocó conciencia de pecado y necesidad de purificación.,Revisar,No,No
QB0733,AT,Isaías,Isaías 7:14,Intermedio,¿Qué señal profética se relaciona con el nacimiento de un niño llamado Emanuel?,A Una joven concebirá y dará a luz un hijo,B El templo se abrirá,C El río Jordán se secará,D Un rey saldrá de Egipto,A,Una joven concebirá y dará a luz un hijo,El pasaje presenta el nacimiento de Emanuel como una señal.,Revisar,No,No
QB0734,AT,Isaías,Isaías 11:6,Intermedio,¿Qué imagen se usa para expresar una futura paz extraordinaria?,A Animales normalmente enemigos conviviendo,B Ejércitos más grandes,C Murallas más altas,D Desiertos sin vida,A,Animales normalmente enemigos conviviendo,La visión usa imágenes del mundo animal para representar armonía y paz.,Revisar,No,No
QB0735,AT,Isaías,Isaías 26:3,Basico,¿Qué se promete a quien mantiene su pensamiento firme en Dios?,A Paz,B Riqueza,C Ausencia de trabajo,D Poder,A,Paz,El pasaje relaciona confianza sostenida con paz.,Revisar,No,No
QB0736,AT,Isaías,Isaías 35:6,Intermedio,¿Qué señales de restauración física aparecen en la visión?,A Personas con limitaciones recuperan capacidades,B Todos se convierten en soldados,C Los ancianos dejan de existir,D Nadie vuelve a caminar,A,Personas con limitaciones recuperan capacidades,La visión describe restauración y alegría mediante imágenes de sanidad.,Revisar,No,No
QB0737,AT,Isaías,Isaías 40:8,Basico,¿Qué contraste se hace entre la vegetación y la palabra de Dios?,A La vegetación se marchita, pero la palabra permanece,B Ambas desaparecen,C La vegetación dura más,D No existe contraste,A,La vegetación se marchita, pero la palabra permanece,El pasaje resalta la permanencia de la palabra de Dios frente a la fragilidad humana.,Revisar,No,No
QB0738,AT,Isaías,Isaías 43:2,Intermedio,¿Qué promesa acompaña la imagen de pasar por aguas y fuego?,A La presencia protectora de Dios,B Ausencia total de dificultades,C Riqueza,D Victoria política,A,La presencia protectora de Dios,El pasaje promete acompañamiento divino en medio de situaciones difíciles.,Revisar,No,No
QB0739,AT,Isaías,Isaías 52:7,Basico,¿Cómo se describen los pies de quien anuncia buenas noticias?,A Hermosos,B Cansados,C Heridos,D Ocultos,A,Hermosos,La imagen celebra al mensajero que anuncia paz y buenas noticias.,Revisar,No,No
QB0740,AT,Isaías,Isaías 55:1,Basico,¿A quién se invita a acercarse a las aguas?,A A quien tiene sed,B Solo a los ricos,C Solo a los sacerdotes,D A quien ya está satisfecho,A,A quien tiene sed,La invitación simboliza una oferta gratuita para quienes reconocen su necesidad.,Revisar,No,No
QB0741,AT,Isaías,Isaías 58:6,Avanzado,¿Qué tipo de ayuno considera Dios adecuado?,A Uno que libera de opresión y rompe injusticias,B Solo abstenerse de comida sin cambiar conducta,C Uno reservado a sacerdotes,D Uno relacionado con guerra,A,Uno que libera de opresión y rompe injusticias,El pasaje conecta el ayuno auténtico con justicia y liberación.,Revisar,No,No
QB0742,AT,Isaías,Isaías 61:1,Intermedio,¿Qué misión describe el ungido por el Espíritu del Señor?,A Anunciar buenas noticias y libertad,B Construir un ejército,C Cobrar impuestos,D Gobernar Egipto,A,Anunciar buenas noticias y libertad,El pasaje presenta una misión de consuelo, libertad y restauración.,Revisar,No,No
QB0743,AT,Jeremías,Jeremías 1:7,Intermedio,¿Qué respondió Dios a la objeción de Jeremías por su juventud?,A Que no debía decir que era demasiado joven y debía ir donde fuera enviado,B Que debía esperar veinte años,C Que regresara a casa,D Que otro profeta sería elegido,A,Que no debía decir que era demasiado joven y debía ir donde fuera enviado,El llamado de Jeremías no dependía de su edad sino del envío divino.,Revisar,No,No
QB0744,AT,Jeremías,Jeremías 2:13,Avanzado,¿Qué dos males denuncia Dios mediante la imagen del agua?,A Abandonar la fuente de agua viva y cavar cisternas rotas,B Construir pozos y beber agua,C No regar los campos,D Vivir cerca de ríos,A,Abandonar la fuente de agua viva y cavar cisternas rotas,La imagen expresa el abandono de Dios por alternativas incapaces de sostener la vida.,Revisar,No,No
QB0745,AT,Jeremías,Jeremías 7:4,Intermedio,¿Qué falsa seguridad critica Jeremías respecto al templo?,A Confiar en el edificio sin una vida obediente,B Cuidar el templo,C Enseñar la ley,D Reunirse para orar,A,Confiar en el edificio sin una vida obediente,El mensaje denuncia una confianza religiosa que no va acompañada de justicia y obediencia.,Revisar,No,No
QB0746,AT,Jeremías,Jeremías 17:7,Basico,¿Cómo se describe a la persona que confía en el Señor?,A Bendecida,B Abandonada,C Temerosa,D Sin esperanza,A,Bendecida,El pasaje contrasta la confianza en Dios con depender exclusivamente de fuerzas humanas.,Revisar,No,No
QB0747,AT,Jeremías,Jeremías 20:9,Avanzado,¿Con qué imagen describe Jeremías la presión interior de comunicar el mensaje de Dios?,A Como fuego encerrado en sus huesos,B Como agua fría,C Como una piedra pesada,D Como una nube,A,Como fuego encerrado en sus huesos,Jeremías expresa que intentar callar el mensaje le resulta insoportable.,Revisar,No,No
QB0748,AT,Jeremías,Jeremías 29:7,Intermedio,¿Qué debía buscar el pueblo exiliado respecto a la ciudad donde vivía?,A Su bienestar y orar por ella,B Su destrucción inmediata,C Aislarse completamente,D Evitar todo trabajo,A,Su bienestar y orar por ella,Los exiliados fueron llamados a contribuir al bienestar del lugar donde residían.,Revisar,No,No
QB0749,AT,Jeremías,Jeremías 31:3,Basico,¿Con qué tipo de amor se describe la relación de Dios con su pueblo?,A Amor duradero,B Amor temporal,C Amor condicionado por riqueza,D Amor limitado a un día,A,Amor duradero,El pasaje destaca la permanencia del amor de Dios.,Revisar,No,No
QB0750,AT,Jeremías,Jeremías 33:3,Basico,¿Qué invitación recibe Jeremías?,A Clamar a Dios y recibir respuesta,B Huir de Jerusalén,C Construir una muralla,D Dejar de profetizar,A,Clamar a Dios y recibir respuesta,El pasaje invita a buscar a Dios en oración con expectativa de respuesta.,Revisar,No,No
QB0751,AT,Jeremías,Jeremías 36:23,Intermedio,¿Qué hizo el rey con el rollo que contenía las palabras de Jeremías?,A Lo cortó y lo quemó,B Lo guardó en el templo,C Lo entregó a Babilonia,D Lo copió,A,Lo cortó y lo quemó,El rey rechazó públicamente el mensaje destruyendo el rollo por secciones.,Revisar,No,No
QB0752,AT,Jeremías,Jeremías 38:6,Intermedio,¿Dónde arrojaron a Jeremías por su mensaje?,A En una cisterna,B En el río Jordán,C En una cueva,D En una prisión egipcia,A,En una cisterna,Jeremías fue colocado en una cisterna donde había barro.,Revisar,No,No
QB0753,AT,Jeremías,Jeremías 52:13,Intermedio,¿Qué edificio fue incendiado durante la caída de Jerusalén?,A El templo,B La sinagoga de Nazaret,C El palacio de Faraón,D El tabernáculo del desierto,A,El templo,El relato final describe la destrucción del templo durante la conquista babilónica.,Revisar,No,No
QB0754,AT,Lamentaciones,Lamentaciones 1:1,Intermedio,¿Cómo se presenta Jerusalén después de su caída?,A Solitaria y afligida,B Rica y poderosa,C Rodeada de aliados,D Sin cambios,A,Solitaria y afligida,El poema personifica a Jerusalén como una ciudad que ha perdido su antigua grandeza.,Revisar,No,No
QB0755,AT,Lamentaciones,Lamentaciones 2:19,Intermedio,¿Qué exhortación se da en medio del sufrimiento?,A Derramar el corazón ante Dios,B Guardar silencio para siempre,C Confiar en Egipto,D Dejar de orar,A,Derramar el corazón ante Dios,El pasaje llama a una oración intensa y sincera en medio de la crisis.,Revisar,No,No
QB0756,AT,Lamentaciones,Lamentaciones 3:25,Basico,¿Cómo se describe a Dios respecto a quienes esperan en él?,A Bueno,B Distante,C Cambiante,D Injusto,A,Bueno,El poema expresa esperanza en la bondad de Dios hacia quienes lo buscan.,Revisar,No,No
QB0757,AT,Lamentaciones,Lamentaciones 3:40,Intermedio,¿Qué invita el texto a hacer respecto a la propia conducta?,A Examinarla y volver a Dios,B Ignorarla,C Justificar todo,D Culpar a otros,A,Examinarla y volver a Dios,El pasaje relaciona autoexamen y arrepentimiento.,Revisar,No,No
QB0758,AT,Lamentaciones,Lamentaciones 5:21,Basico,¿Qué pide la oración final del libro?,A Que Dios restaure y renueve al pueblo,B Que Jerusalén sea abandonada,C Que vuelvan a Egipto,D Que termine toda oración,A,Que Dios restaure y renueve al pueblo,El cierre expresa un deseo de restauración y renovación.,Revisar,No,No
QB0759,AT,Ezequiel,Ezequiel 2:3,Intermedio,¿A quién fue enviado Ezequiel como profeta?,A A Israel,B A Egipto,C A Roma,D A Grecia,A,A Israel,Ezequiel recibió una misión profética dirigida al pueblo de Israel.,Revisar,No,No
QB0760,AT,Ezequiel,Ezequiel 3:3,Avanzado,¿Cómo describió Ezequiel el sabor del rollo que comió en la visión?,A Dulce como miel,B Amargo como hiel,C Sin sabor,D Salado,A,Dulce como miel,La experiencia simbólica del rollo combina dulzura en la recepción con la gravedad del mensaje.,Revisar,No,No
QB0761,AT,Ezequiel,Ezequiel 11:19,Intermedio,¿Qué promete Dios reemplazar en el pueblo?,A El corazón de piedra por uno sensible,B La ciudad por un desierto,C El templo por un palacio,D La ley por riqueza,A,El corazón de piedra por uno sensible,El pasaje usa imágenes de transformación interior.,Revisar,No,No
QB0762,AT,Ezequiel,Ezequiel 18:20,Avanzado,¿Qué principio se afirma acerca de la responsabilidad moral?,A Cada persona responde por su propia conducta,B Los hijos siempre cargan automáticamente con la culpa de sus padres,C Nadie es responsable,D Solo los reyes responden,A,Cada persona responde por su propia conducta,El capítulo enfatiza responsabilidad personal frente a Dios.,Revisar,No,No
QB0763,AT,Ezequiel,Ezequiel 22:30,Avanzado,¿Qué buscó Dios simbólicamente entre el pueblo?,A Alguien que reparara la brecha y se pusiera en defensa de la tierra,B Un rey extranjero,C Un ejército,D Un comerciante,A,Alguien que reparara la brecha y se pusiera en defensa de la tierra,La imagen expresa la búsqueda de alguien que intercediera y actuara con justicia.,Revisar,No,No
QB0764,AT,Ezequiel,Ezequiel 33:11,Basico,¿Qué expresa Dios respecto a la muerte del malvado?,A Prefiere que se vuelva de su camino y viva,B Se alegra en su muerte,C Es indiferente,D Desea que nadie se arrepienta,A,Prefiere que se vuelva de su camino y viva,El pasaje enfatiza el deseo de arrepentimiento y vida.,Revisar,No,No
QB0765,AT,Ezequiel,Ezequiel 34:11,Intermedio,¿Qué promete Dios hacer por sus ovejas?,A Buscarlas y cuidarlas personalmente,B Abandonarlas,C Venderlas,D Enviarlas a Egipto,A,Buscarlas y cuidarlas personalmente,La profecía presenta a Dios como pastor que busca a su pueblo disperso.,Revisar,No,No
QB0766,AT,Ezequiel,Ezequiel 36:27,Intermedio,¿Qué promete Dios poner dentro del pueblo para impulsarlo a obedecer?,A Su Espíritu,B Un ejército,C Riqueza,D Una corona,A,Su Espíritu,El pasaje relaciona la renovación interior con la presencia del Espíritu de Dios.,Revisar,No,No
QB0767,AT,Ezequiel,Ezequiel 37:10,Avanzado,¿Qué ocurrió con los huesos secos después de recibir aliento?,A Vivieron y formaron un gran conjunto,B Se convirtieron en polvo,C Fueron enterrados,D Desaparecieron,A,Vivieron y formaron un gran conjunto,La visión culmina con restauración y vida donde antes había muerte.,Revisar,No,No
QB0768,AT,Ezequiel,Ezequiel 47:9,Experto,¿Qué efecto produce el río que sale del templo en la visión final?,A Lleva vida donde fluye,B Convierte todo en desierto,C Destruye los árboles,D Seca el mar,A,Lleva vida donde fluye,El río simboliza una vida abundante que transforma los lugares por donde pasa.,Revisar,No,No
QB0769,AT,Daniel,Daniel 1:17,Intermedio,¿Qué capacidad especial recibió Daniel además de conocimiento y sabiduría?,A Comprender visiones y sueños,B Fuerza militar,C Poder político,D Habilidad para construir,A,Comprender visiones y sueños,El relato destaca una capacidad especial de Daniel relacionada con visiones y sueños.,Revisar,No,No
QB0770,AT,Daniel,Daniel 2:19,Intermedio,¿Cómo recibió Daniel la explicación del sueño de Nabucodonosor?,A Mediante una visión nocturna,B Leyendo un libro,C Consultando magos,D Escuchando a soldados,A,Mediante una visión nocturna,La respuesta fue revelada a Daniel durante la noche.,Revisar,No,No
QB0771,AT,Daniel,Daniel 2:47,Avanzado,¿Qué reconoció Nabucodonosor después de que Daniel reveló e interpretó el sueño?,A Que el Dios de Daniel es superior y revela misterios,B Que Daniel era un dios,C Que los magos tenían razón,D Que Egipto era superior,A,Que el Dios de Daniel es superior y revela misterios,El rey respondió reconociendo la singularidad del Dios que revela misterios.,Revisar,No,No
QB0772,AT,Daniel,Daniel 3:17,Intermedio,¿Qué confianza expresaron los tres jóvenes antes del horno?,A Dios podía librarlos,B El fuego no existía,C El rey cambiaría de opinión,D Escaparían solos,A,Dios podía librarlos,Los jóvenes manifestaron confianza en el poder de Dios aun sin condicionar su fidelidad al resultado.,Revisar,No,No
QB0773,AT,Daniel,Daniel 4:37,Avanzado,¿Qué reconoció Nabucodonosor después de ser restaurado?,A La justicia y soberanía del Rey del cielo,B Su propia superioridad absoluta,C Que Daniel era rey,D Que Babilonia nunca caería,A,La justicia y soberanía del Rey del cielo,El capítulo termina con una confesión de humildad y reconocimiento de la autoridad divina.,Revisar,No,No
QB0774,AT,Daniel,Daniel 5:5,Intermedio,¿Qué fenómeno apareció durante el banquete de Belsasar?,A Una mano escribió en la pared,B El palacio se incendió,C Un ángel tocó una trompeta,D El río se secó,A,Una mano escribió en la pared,La escritura misteriosa anunció juicio sobre el rey.,Revisar,No,No
QB0775,AT,Daniel,Daniel 5:27,Avanzado,¿Qué significaba que Belsasar había sido pesado en balanza?,A Que había sido hallado insuficiente,B Que era demasiado rico,C Que debía ayunar,D Que su reino aumentaría,A,Que había sido hallado insuficiente,La interpretación presentó una evaluación moral del rey y su reinado.,Revisar,No,No
QB0776,AT,Daniel,Daniel 6:10,Basico,¿Qué continuó haciendo Daniel aunque existía una prohibición?,A Orar tres veces al día,B Ir al templo,C Predicar en plazas,D Ayunar cuarenta días,A,Orar tres veces al día,Daniel mantuvo su práctica habitual de oración pese al decreto.,Revisar,No,No
QB0777,AT,Daniel,Daniel 7:13,Experto,¿Qué figura aparece viniendo con las nubes del cielo en la visión?,A Uno semejante a un hijo de hombre,B Un león,C Un ángel con espada,D Nabucodonosor,A,Uno semejante a un hijo de hombre,La visión presenta una figura humana asociada con autoridad y reino duradero.,Revisar,No,No
QB0778,AT,Daniel,Daniel 12:3,Avanzado,¿Con qué se compara a quienes guían a muchos hacia la justicia?,A Con estrellas que resplandecen,B Con montañas,C Con ríos,D Con árboles,A,Con estrellas que resplandecen,El texto utiliza una imagen de brillo permanente para describir a los sabios fieles.,Revisar,No,No
QB0779,AT,Oseas,Oseas 2:19,Intermedio,¿Qué lenguaje usa Dios para describir una relación renovada con su pueblo?,A Una alianza semejante a un compromiso matrimonial,B Una relación militar,C Una relación comercial,D Una separación permanente,A,Una alianza semejante a un compromiso matrimonial,La profecía usa lenguaje matrimonial para hablar de fidelidad y restauración.,Revisar,No,No
QB0780,AT,Oseas,Oseas 4:6,Intermedio,¿Qué causa se relaciona con la ruina del pueblo?,A Falta de conocimiento de Dios,B Falta de riqueza,C Falta de soldados,D Falta de ciudades,A,Falta de conocimiento de Dios,El profeta denuncia el rechazo del conocimiento de Dios como una causa central del deterioro.,Revisar,No,No
QB0781,AT,Oseas,Oseas 6:1,Basico,¿Qué invita el profeta a hacer después del juicio?,A Volver al Señor,B Huir a Egipto,C Construir un palacio,D Elegir otro dios,A,Volver al Señor,El llamado presenta la restauración como consecuencia del retorno sincero a Dios.,Revisar,No,No
QB0782,AT,Oseas,Oseas 10:12,Intermedio,¿Qué imagen agrícola usa Oseas para exhortar al arrepentimiento?,A Sembrar justicia y buscar al Señor,B Cosechar trigo para Egipto,C Quemar los campos,D Plantar viñas únicamente,A,Sembrar justicia y buscar al Señor,El pasaje utiliza siembra y cosecha como imágenes de una conducta renovada.,Revisar,No,No
QB0783,AT,Oseas,Oseas 11:1,Intermedio,¿Cómo describe Dios su relación temprana con Israel?,A Como un padre que llamó a su hijo de Egipto,B Como un rey conquistador,C Como un comerciante,D Como un juez distante,A,Como un padre que llamó a su hijo de Egipto,La profecía utiliza una imagen familiar para recordar la liberación de Egipto.,Revisar,No,No
QB0784,AT,Oseas,Oseas 14:9,Avanzado,¿Cómo describe Oseas los caminos del Señor al cerrar el libro?,A Rectos,B Inciertos,C Ocultos,D Injustos,A,Rectos,El cierre invita a comprender que los caminos de Dios son rectos y requieren una respuesta adecuada.,Revisar,No,No
QB0785,AT,Joel,Joel 1:4,Intermedio,¿Qué desastre agrícola domina el inicio de Joel?,A Una plaga de langostas,B Una inundación del Jordán,C Una nevada,D Una guerra romana,A,Una plaga de langostas,El libro comienza describiendo una devastación asociada con langostas.,Revisar,No,No
QB0786,AT,Joel,Joel 2:13,Intermedio,¿Qué cambio considera más importante el llamado al arrepentimiento?,A El del corazón más que una apariencia externa,B Cambiar de ropa,C Viajar al templo,D Dejar el trabajo,A,El del corazón más que una apariencia externa,El profeta insiste en una transformación interior sincera.,Revisar,No,No
QB0787,AT,Joel,Joel 2:25,Basico,¿Qué promete Dios respecto a los años dañados por la plaga?,A Restaurar lo perdido,B Olvidarlos sin restauración,C Multiplicar la plaga,D Enviar al pueblo a Egipto,A,Restaurar lo perdido,El pasaje comunica una promesa de restauración después del desastre.,Revisar,No,No
QB0788,AT,Joel,Joel 3:16,Avanzado,¿Cómo se describe a Dios para su pueblo en medio del juicio de las naciones?,A Refugio y fortaleza,B Enemigo,C Rey distante,D Comerciante,A,Refugio y fortaleza,El pasaje combina juicio con protección para el pueblo que confía en Dios.,Revisar,No,No
QB0789,AT,Amós,Amós 3:3,Basico,¿Qué pregunta usa Amós para ilustrar la necesidad de acuerdo?,A Si dos pueden caminar juntos sin ponerse de acuerdo,B Si una ciudad puede tener murallas,C Si un río puede secarse,D Si un rey puede dormir,A,Si dos pueden caminar juntos sin ponerse de acuerdo,La pregunta retórica introduce una serie de relaciones de causa y efecto.,Revisar,No,No
QB0790,AT,Amós,Amós 4:12,Intermedio,¿Qué advertencia se da a Israel al acercarse el juicio?,A Prepararse para encontrarse con su Dios,B Abandonar la tierra inmediatamente,C Elegir otro rey,D Construir un ejército,A,Prepararse para encontrarse con su Dios,El mensaje busca confrontar al pueblo con la seriedad de su situación.,Revisar,No,No
QB0791,AT,Amós,Amós 5:14,Basico,¿Qué exhortación se da para encontrar vida?,A Buscar el bien y no el mal,B Buscar riqueza,C Evitar la justicia,D Servir al rey,A,Buscar el bien y no el mal,El profeta relaciona la búsqueda del bien con la posibilidad de vida y presencia divina.,Revisar,No,No
QB0792,AT,Amós,Amós 5:21,Avanzado,¿Por qué rechaza Dios las celebraciones religiosas del pueblo?,A Porque estaban separadas de justicia y rectitud,B Porque eran demasiado pequeñas,C Porque no había música,D Porque se realizaban en Jerusalén,A,Porque estaban separadas de justicia y rectitud,Amós denuncia el culto externo cuando no está acompañado por una vida justa.,Revisar,No,No
QB0793,AT,Amós,Amós 7:14,Intermedio,¿Qué ocupación tenía Amós antes de su llamado profético?,A Trabajaba con ganado y cultivos,B Era sacerdote del templo,C Era rey,D Era soldado,A,Trabajaba con ganado y cultivos,Amós aclara que no provenía de una carrera profética profesional.,Revisar,No,No
QB0794,AT,Amós,Amós 8:11,Avanzado,¿Qué tipo de hambre anuncia Amós como juicio?,A Hambre de escuchar la palabra de Dios,B Hambre únicamente de pan,C Falta de agua,D Escasez de oro,A,Hambre de escuchar la palabra de Dios,El profeta usa la imagen del hambre para describir la ausencia de palabra divina.,Revisar,No,No
QB0795,AT,Amós,Amós 9:11,Intermedio,¿Qué imagen de restauración aparece al final del libro?,A Levantar la casa caída de David,B Construir un templo egipcio,C Restaurar Babilonia,D Crear un nuevo desierto,A,Levantar la casa caída de David,El cierre ofrece una esperanza de restauración después del juicio.,Revisar,No,No
QB0796,AT,Abdías,Abdías 1:4,Intermedio,¿Qué advierte Dios a Edom aunque se eleve como un águila?,A Que será derribado,B Que reinará para siempre,C Que conquistará Israel,D Que será sacerdote,A,Que será derribado,La imagen denuncia la falsa seguridad producida por el orgullo.,Revisar,No,No
QB0797,AT,Abdías,Abdías 1:10,Avanzado,¿Qué causa principal se menciona para el juicio contra Edom?,A Violencia contra su hermano Jacob,B Falta de riqueza,C Desobediencia a Faraón,D No construir un templo,A,Violencia contra su hermano Jacob,La hostilidad contra Judá es presentada como razón central del juicio.,Revisar,No,No
QB0798,AT,Abdías,Abdías 1:12,Intermedio,¿Qué conducta de Edom se condena durante la desgracia de Judá?,A Alegrarse y aprovecharse de su caída,B Ayudar a los refugiados,C Defender Jerusalén,D Llorar con el pueblo,A,Alegrarse y aprovecharse de su caída,El profeta condena la indiferencia y el aprovechamiento del sufrimiento ajeno.,Revisar,No,No
QB0799,AT,Abdías,Abdías 1:17,Basico,¿Qué se anuncia respecto al monte Sion?,A Habrá liberación y santidad,B Será abandonado para siempre,C Será destruido por Israel,D Se convertirá en Egipto,A,Habrá liberación y santidad,El cierre del libro incluye una promesa de restauración para Sion.,Revisar,No,No
QB0800,AT,Jonás,Jonás 1:2,Basico,¿A qué ciudad fue enviado Jonás para anunciar un mensaje?,A Nínive,B Jerusalén,C Damasco,D Belén,A,Nínive,Jonás recibió la misión de ir a la gran ciudad de Nínive.,Revisar,No,No
QB0801,AT,Jonás,Jonás 1:12,Intermedio,¿Qué propuso Jonás para que se calmara la tormenta?,A Que lo arrojaran al mar,B Que destruyeran el barco,C Que regresaran a puerto,D Que oraran a Faraón,A,Que lo arrojaran al mar,Jonás reconoció que la tormenta estaba vinculada con su huida y propuso ser lanzado al mar.,Revisar,No,No
QB0802,AT,Jonás,Jonás 2:1,Basico,¿Qué hizo Jonás desde el interior del pez?,A Oró,B Durmió,C Se enojó con los marineros,D Escribió una carta,A,Oró,Jonás respondió a su situación mediante oración.,Revisar,No,No
QB0803,AT,Jonás,Jonás 2:10,Basico,¿Qué ocurrió con Jonás después de su oración?,A El pez lo expulsó en tierra firme,B Llegó a Egipto,C Murió,D Volvió al barco,A,El pez lo expulsó en tierra firme,El relato presenta la liberación de Jonás después de su oración.,Revisar,No,No
QB0804,AT,Jonás,Jonás 3:3,Intermedio,¿Qué hizo Jonás cuando recibió nuevamente la orden de ir a Nínive?,A Obedeció y fue,B Huyó otra vez,C Se quedó en Israel,D Envió a otro profeta,A,Obedeció y fue,La segunda vez Jonás respondió obedeciendo la misión.,Revisar,No,No
QB0805,AT,Jonás,Jonás 3:10,Intermedio,¿Qué hizo Dios al ver el cambio de conducta de los ninivitas?,A No ejecutó el desastre anunciado,B Destruyó la ciudad inmediatamente,C Envió más profetas,D Los llevó al exilio,A,No ejecutó el desastre anunciado,El relato destaca la respuesta compasiva de Dios ante el arrepentimiento.,Revisar,No,No
QB0806,AT,Jonás,Jonás 4:6,Basico,¿Qué hizo Dios crecer para dar sombra a Jonás?,A Una planta,B Un árbol de cedro,C Una vid,D Una palmera,A,Una planta,La planta proporcionó alivio temporal a Jonás.,Revisar,No,No
QB0807,AT,Jonás,Jonás 4:11,Avanzado,¿Qué contraste final presenta Dios a Jonás?,A Su preocupación por una planta frente a la compasión de Dios por una gran ciudad,B La riqueza de Nínive frente a Jerusalén,C El mar frente al desierto,D Jonás frente a Moisés,A,Su preocupación por una planta frente a la compasión de Dios por una gran ciudad,El libro concluye confrontando la limitada compasión de Jonás con la misericordia divina.,Revisar,No,No
QB0808,AT,Miqueas,Miqueas 1:3,Intermedio,¿Cómo describe el inicio de Miqueas la intervención de Dios?,A Como una salida desde su lugar para actuar sobre la tierra,B Como un retiro permanente,C Como una coronación,D Como una visita a Egipto,A,Como una salida desde su lugar para actuar sobre la tierra,La profecía comienza con una imagen solemne de Dios interviniendo en juicio.,Revisar,No,No
QB0809,AT,Miqueas,Miqueas 2:2,Intermedio,¿Qué injusticia denuncia Miqueas respecto a propiedades ajenas?,A Codiciar y apropiarse de campos y casas,B Repartir tierras,C Perdonar deudas,D Ayudar a pobres,A,Codiciar y apropiarse de campos y casas,El profeta denuncia el abuso de poder económico contra familias vulnerables.,Revisar,No,No
QB0810,AT,Miqueas,Miqueas 4:3,Intermedio,¿Qué imagen expresa una futura era de paz?,A Convertir espadas en herramientas agrícolas,B Construir más armas,C Levantar murallas más altas,D Multiplicar ejércitos,A,Convertir espadas en herramientas agrícolas,La visión transforma instrumentos de guerra en herramientas para la vida y el trabajo.,Revisar,No,No
QB0811,AT,Miqueas,Miqueas 5:4,Avanzado,¿Cómo se describe la función del gobernante anunciado?,A Pastoreará al pueblo con la fuerza de Dios,B Conquistará Egipto,C Construirá un palacio,D Será sacerdote del templo,A,Pastoreará al pueblo con la fuerza de Dios,La imagen del pastor caracteriza la manera en que gobernará y dará seguridad.,Revisar,No,No
QB0812,AT,Miqueas,Miqueas 6:6,Avanzado,¿Qué pregunta inicia la reflexión sobre cómo acercarse a Dios?,A Con qué presentarse delante de él,B Qué rey elegir,C Qué ciudad construir,D Qué ejército reunir,A,Con qué presentarse delante de él,El pasaje cuestiona si los sacrificios externos son suficientes antes de resumir lo que Dios requiere.,Revisar,No,No
QB0813,AT,Miqueas,Miqueas 7:18,Basico,¿Qué rasgo de Dios celebra Miqueas al final del libro?,A Perdona y se deleita en misericordia,B Guarda enojo para siempre,C Ignora al arrepentido,D No perdona,A,Perdona y se deleita en misericordia,El cierre destaca la singular misericordia y disposición de Dios al perdón.,Revisar,No,No
QB0814,AT,Nahúm,Nahúm 1:2,Intermedio,¿Qué aspecto del carácter de Dios se presenta frente a la maldad persistente?,A Su justicia contra el mal,B Indiferencia,C Debilidad,D Falta de autoridad,A,Su justicia contra el mal,Nahúm presenta a Dios como juez frente a una potencia violenta.,Revisar,No,No
QB0815,AT,Nahúm,Nahúm 1:3,Avanzado,¿Qué equilibrio presenta Nahúm sobre el carácter de Dios?,A Es paciente, pero no deja sin juicio al culpable,B Es rápido para la ira y nunca perdona,C Nunca juzga,D Solo actúa mediante ejércitos,A,Es paciente, pero no deja sin juicio al culpable,El texto combina paciencia divina con justicia frente al mal persistente.,Revisar,No,No
QB0816,AT,Nahúm,Nahúm 1:15,Basico,¿Qué tipo de noticia anuncia el mensajero sobre los montes?,A Buenas noticias de paz,B Guerra contra Judá,C Caída de Jerusalén,D Exilio a Egipto,A,Buenas noticias de paz,El anuncio celebra la liberación frente a la opresión de Nínive.,Revisar,No,No
QB0817,AT,Nahúm,Nahúm 2:13,Avanzado,¿Qué expresa Dios respecto al poder de Nínive?,A Se declara contra ella,B Promete fortalecerla,C La declara eterna,D La entrega a Judá como aliada,A,Se declara contra ella,La profecía presenta la caída de Nínive como juicio directo de Dios.,Revisar,No,No
QB0818,AT,Nahúm,Nahúm 3:1,Intermedio,¿Cómo se describe a Nínive al comienzo del capítulo 3?,A Ciudad sanguinaria y llena de engaño,B Ciudad santa,C Ciudad pacífica,D Ciudad sin violencia,A,Ciudad sanguinaria y llena de engaño,El profeta denuncia la violencia y el engaño que caracterizaban a la ciudad.,Revisar,No,No
QB0819,AT,Nahúm,Nahúm 3:19,Intermedio,¿Cómo reaccionarán otros pueblos al escuchar la caída de Nínive?,A Aplaudirán por el fin de su opresión,B Llorarán todos,C Irán a reconstruirla,D La convertirán en templo,A,Aplaudirán por el fin de su opresión,El cierre refleja el alivio de quienes habían sufrido la crueldad de Nínive.,Revisar,No,No
QB0820,AT,Habacuc,Habacuc 1:2,Intermedio,¿Qué inquietud expresa Habacuc al inicio?,A Por qué Dios parece no responder ante la violencia,B Por qué no tiene riquezas,C Por qué Jerusalén no tiene rey,D Por qué no hay templo,A,Por qué Dios parece no responder ante la violencia,El profeta comienza planteando preguntas difíciles sobre injusticia y aparente silencio divino.,Revisar,No,No
QB0821,AT,Habacuc,Habacuc 1:13,Avanzado,¿Qué tensión teológica expresa Habacuc respecto al carácter de Dios?,A Cómo un Dios puro puede tolerar temporalmente la injusticia,B Si Dios existe,C Si Israel debe ir a Egipto,D Si el templo debe reconstruirse,A,Cómo un Dios puro puede tolerar temporalmente la injusticia,Habacuc lucha con la aparente contradicción entre la santidad de Dios y el éxito temporal del mal.,Revisar,No,No
QB0822,AT,Habacuc,Habacuc 2:2,Basico,¿Qué se ordena hacer con la visión recibida?,A Escribirla claramente,B Guardarla en secreto,C Quemarla,D Entregarla al rey,A,Escribirla claramente,El profeta debía registrar la visión de forma comprensible.,Revisar,No,No
QB0823,AT,Habacuc,Habacuc 2:14,Intermedio,¿Qué esperanza se anuncia respecto al conocimiento de la gloria de Dios?,A Llenará la tierra como las aguas cubren el mar,B Se limitará a Jerusalén,C Desaparecerá,D Solo la conocerán sacerdotes,A,Llenará la tierra como las aguas cubren el mar,La imagen expresa una difusión amplia y universal del conocimiento de Dios.,Revisar,No,No
QB0824,AT,Habacuc,Habacuc 2:20,Basico,¿Qué actitud se pide ante Dios en su santo templo?,A Silencio reverente,B Celebración ruidosa,C Huida,D Debate,A,Silencio reverente,El pasaje concluye una sección de juicio llamando a toda la tierra a guardar silencio ante Dios.,Revisar,No,No
QB0825,AT,Habacuc,Habacuc 3:2,Intermedio,¿Qué pide Habacuc respecto a la obra de Dios en medio de los años?,A Que la renueve y recuerde misericordia,B Que la abandone,C Que la entregue a Babilonia,D Que no intervenga,A,Que la renueve y recuerde misericordia,La oración combina temor, petición de renovación y confianza en la misericordia divina.,Revisar,No,No
QB0826,AT,Habacuc,Habacuc 3:19,Basico,¿Quién se presenta como fuente de fortaleza para el profeta?,A Dios,B El ejército,C El rey,D Babilonia,A,Dios,El libro termina afirmando que Dios es la fuerza del profeta.,Revisar,No,No
QB0827,AT,Sofonías,Sofonías 1:7,Intermedio,¿Qué actitud se pide ante la cercanía del día del Señor?,A Guardar silencio reverente,B Celebrar una coronación,C Huir a Egipto,D Construir murallas,A,Guardar silencio reverente,El profeta presenta el día del Señor como un momento que exige reverencia.,Revisar,No,No
QB0828,AT,Sofonías,Sofonías 2:3,Basico,¿Qué se aconseja buscar a las personas humildes?,A Al Señor, justicia y humildad,B Riqueza y poder,C Refugio en Egipto,D Un nuevo rey,A,Al Señor, justicia y humildad,El llamado combina búsqueda de Dios con una conducta justa y humilde.,Revisar,No,No
QB0829,AT,Sofonías,Sofonías 3:5,Intermedio,¿Qué se afirma acerca de Dios en medio de una ciudad injusta?,A Permanece justo y no comete injusticia,B Se vuelve como la ciudad,C La abandona por completo,D No ve nada,A,Permanece justo y no comete injusticia,El contraste resalta la justicia constante de Dios frente a la corrupción humana.,Revisar,No,No
QB0830,AT,Sofonías,Sofonías 3:9,Avanzado,¿Qué transformación futura se anuncia para los pueblos?,A Un lenguaje purificado para invocar a Dios unidos,B Una sola lengua política,C La desaparición de todas las naciones,D El regreso a Egipto,A,Un lenguaje purificado para invocar a Dios unidos,La visión anticipa una adoración más amplia y unificada.,Revisar,No,No
QB0831,AT,Sofonías,Sofonías 3:14,Basico,¿Qué se invita a hacer a Sion al acercarse la restauración?,A Cantar y alegrarse,B Guardar silencio,C Huir,D Llorar permanentemente,A,Cantar y alegrarse,El final del libro cambia del juicio a una invitación de alegría por la restauración.,Revisar,No,No
QB0832,AT,Hageo,Hageo 1:5,Intermedio,¿Qué invitación repetida hace el profeta al pueblo respecto a su situación?,A Reflexionar sobre sus caminos,B Buscar riqueza,C Abandonar Jerusalén,D Elegir otro rey,A,Reflexionar sobre sus caminos,Hageo llama a evaluar la relación entre las prioridades del pueblo y sus resultados.,Revisar,No,No
QB0833,AT,Hageo,Hageo 1:14,Basico,¿Qué ocurrió en el pueblo después del mensaje profético?,A Se animó y comenzó la obra,B Huyó,C Se rebeló contra Zorobabel,D Abandonó el templo,A,Se animó y comenzó la obra,El relato presenta un despertar de ánimo y compromiso con la reconstrucción.,Revisar,No,No
QB0834,AT,Hageo,Hageo 2:4,Intermedio,¿Qué razón da Dios para que los líderes trabajen con valentía?,A Él está con ellos,B El rey persa los obliga,C Tienen muchos recursos,D No existe oposición,A,Él está con ellos,La presencia de Dios se presenta como fundamento para continuar la obra.,Revisar,No,No
QB0835,AT,Hageo,Hageo 2:8,Basico,¿A quién se atribuye la propiedad de la plata y el oro?,A A Dios,B Al rey persa,C A los sacerdotes,D A Zorobabel,A,A Dios,El mensaje recuerda que los recursos materiales pertenecen finalmente a Dios.,Revisar,No,No
QB0836,AT,Hageo,Hageo 2:19,Intermedio,¿Qué cambio promete Dios desde ese día?,A Bendecir al pueblo,B Retirar toda cosecha,C Enviarlo al exilio,D Destruir el templo,A,Bendecir al pueblo,El libro culmina una sección con una promesa de bendición futura.,Revisar,No,No
QB0837,AT,Zacarías,Zacarías 1:3,Basico,¿Qué invitación hace Dios al pueblo?,A Volver a él,B Ir a Egipto,C Construir un ejército,D Abandonar Jerusalén,A,Volver a él,El mensaje promete una respuesta de Dios al retorno sincero del pueblo.,Revisar,No,No
QB0838,AT,Zacarías,Zacarías 3:4,Intermedio,¿Qué ocurrió con las vestiduras sucias del sumo sacerdote Josué en la visión?,A Fueron reemplazadas por ropas limpias,B Se quemaron,C Se volvieron oro,D Permanecieron iguales,A,Fueron reemplazadas por ropas limpias,La visión simboliza remoción de culpa y restauración.,Revisar,No,No
QB0839,AT,Zacarías,Zacarías 4:10,Intermedio,¿Qué actitud se cuestiona respecto a los pequeños comienzos?,A Despreciarlos,B Celebrarlos demasiado,C Evitarlos,D Convertirlos en grandes ceremonias,A,Despreciarlos,El pasaje anima a no menospreciar etapas pequeñas de una obra que Dios está llevando adelante.,Revisar,No,No
QB0840,AT,Zacarías,Zacarías 7:9,Intermedio,¿Qué prácticas sociales pide Dios?,A Justicia verdadera, misericordia y compasión,B Poder y riqueza,C Construcción militar,D Aislamiento,A,Justicia verdadera, misericordia y compasión,El profeta vincula la fidelidad con relaciones justas y compasivas.,Revisar,No,No
QB0841,AT,Zacarías,Zacarías 8:16,Basico,¿Qué se pide respecto al habla entre vecinos?,A Decir la verdad,B Guardar silencio permanente,C Exagerar para evitar problemas,D Hablar solo con sacerdotes,A,Decir la verdad,La restauración futura se vincula con verdad y justicia cotidiana.,Revisar,No,No
QB0842,AT,Zacarías,Zacarías 9:12,Intermedio,¿Cómo llama el profeta a los prisioneros que aún tienen expectativa de restauración?,A Prisioneros de esperanza,B Prisioneros de guerra,C Exiliados sin futuro,D Soldados,A,Prisioneros de esperanza,La expresión combina sufrimiento presente con expectativa firme de restauración.,Revisar,No,No
QB0843,AT,Zacarías,Zacarías 12:10,Avanzado,¿Qué espíritu promete Dios derramar sobre la casa de David y Jerusalén?,A Espíritu de gracia y oración,B Espíritu de guerra,C Espíritu de riqueza,D Espíritu de confusión,A,Espíritu de gracia y oración,La promesa se relaciona con arrepentimiento y una respuesta profunda del pueblo.,Revisar,No,No
QB0844,AT,Zacarías,Zacarías 13:1,Avanzado,¿Qué imagen de purificación aparece para la casa de David y Jerusalén?,A Una fuente abierta para limpiar pecado e impureza,B Un fuego que destruye todo,C Un río para comercio,D Una muralla nueva,A,Una fuente abierta para limpiar pecado e impureza,La profecía utiliza una fuente como imagen de limpieza y restauración.,Revisar,No,No
QB0845,AT,Zacarías,Zacarías 14:9,Experto,¿Qué afirmación sobre el reinado de Dios aparece en la visión final?,A El Señor será rey sobre toda la tierra,B Solo gobernará Jerusalén,C No habrá reino,D El rey será Zorobabel,A,El Señor será rey sobre toda la tierra,El cierre presenta una visión universal del reinado de Dios.,Revisar,No,No
QB0846,AT,Malaquías,Malaquías 1:6,Intermedio,¿Qué reproche se hace a los sacerdotes?,A No honrar adecuadamente el nombre de Dios,B No tener riquezas,C No viajar,D No construir murallas,A,No honrar adecuadamente el nombre de Dios,El libro comienza cuestionando una adoración descuidada y poco reverente.,Revisar,No,No
QB0847,AT,Malaquías,Malaquías 1:8,Intermedio,¿Qué problema tenían algunos animales ofrecidos en sacrificio?,A Presentaban defectos,B Eran demasiado jóvenes únicamente,C Venían de Egipto,D Eran demasiados,A,Presentaban defectos,El profeta denuncia que ofrecían animales que no habrían considerado apropiados para una autoridad humana.,Revisar,No,No
QB0848,AT,Malaquías,Malaquías 2:10,Intermedio,¿Qué argumento utiliza el profeta para llamar a la fidelidad entre miembros del pueblo?,A Todos tienen un mismo Padre y Creador,B Todos son ricos,C Todos viven en Jerusalén,D Todos son sacerdotes,A,Todos tienen un mismo Padre y Creador,La unidad de origen ante Dios sirve como base para denunciar la traición entre hermanos.,Revisar,No,No
QB0849,AT,Malaquías,Malaquías 3:6,Basico,¿Qué afirma Dios acerca de sí mismo en relación con su pueblo?,A No cambia,B Cambia constantemente,C Depende de los reyes,D No recuerda el pacto,A,No cambia,La inmutabilidad de Dios se relaciona con la preservación del pueblo.,Revisar,No,No
QB0850,AT,Malaquías,Malaquías 3:16,Intermedio,¿Qué hacían quienes temían a Dios en medio de la infidelidad general?,A Hablaban unos con otros y Dios atendía,B Se escondían,C Dejaban de reunirse,D Abandonaban Jerusalén,A,Hablaban unos con otros y Dios atendía,El texto presenta una comunidad fiel que mantiene conversación y memoria delante de Dios.,Revisar,No,No
QB0851,AT,Malaquías,Malaquías 4:5,Intermedio,¿Qué profeta se menciona antes del día grande del Señor?,A Elías,B Isaías,C Jeremías,D Ezequiel,A,Elías,El cierre del libro anuncia el envío de Elías antes del día del Señor.,Revisar,No,No
QB0852,NT,Mateo,Mateo 1:23,Intermedio,¿Qué significado se asocia al nombre Emanuel?,A Dios con nosotros,B Rey de Jerusalén,C Hijo de David únicamente,D Profeta del desierto,A,Dios con nosotros,El evangelio interpreta el nombre Emanuel como expresión de la presencia de Dios con su pueblo.,Revisar,No,No
QB0853,NT,Mateo,Mateo 2:13,Intermedio,¿Qué instrucción recibió José después de la visita de los sabios?,A Llevar al niño y a María a Egipto,B Regresar a Nazaret inmediatamente,C Ir a Jerusalén,D Entregar al niño a Herodes,A,Llevar al niño y a María a Egipto,José recibió una advertencia y huyó con su familia para proteger al niño.,Revisar,No,No
QB0854,NT,Mateo,Mateo 3:17,Basico,¿Qué mensaje se oyó desde el cielo después del bautismo de Jesús?,A Una declaración de aprobación sobre el Hijo,B Una orden de ir a Roma,C Una advertencia a Juan,D Una profecía sobre Jerusalén,A,Una declaración de aprobación sobre el Hijo,El bautismo incluye una voz celestial que afirma la identidad y aprobación de Jesús.,Revisar,No,No
QB0855,NT,Mateo,Mateo 4:19,Basico,¿Qué nueva misión anunció Jesús a los pescadores que lo siguieran?,A Ser pescadores de personas,B Ser sacerdotes,C Ser reyes,D Ser escribas,A,Ser pescadores de personas,Jesús transformó la imagen de su oficio en una misión hacia otras personas.,Revisar,No,No
QB0856,NT,Mateo,Mateo 5:14,Basico,¿Con qué figura describe Jesús a sus discípulos?,A Luz del mundo,B Rey del mundo,C Río de vida,D Árbol del templo,A,Luz del mundo,La imagen de la luz expresa una influencia visible en el mundo.,Revisar,No,No
QB0857,NT,Mateo,Mateo 5:44,Intermedio,¿Qué actitud pide Jesús hacia los enemigos?,A Amarlos y orar por quienes persiguen,B Vengarse,C Ignorarlos,D Denunciarlos siempre,A,Amarlos y orar por quienes persiguen,Jesús propone una respuesta radical de amor incluso frente a la hostilidad.,Revisar,No,No
QB0858,NT,Mateo,Mateo 6:21,Intermedio,¿Qué relación establece Jesús entre tesoro y corazón?,A El corazón se orienta hacia aquello que se valora,B No existe relación,C El tesoro siempre está en el templo,D Solo la riqueza material importa,A,El corazón se orienta hacia aquello que se valora,El pasaje enseña que las prioridades revelan la orientación del corazón.,Revisar,No,No
QB0859,NT,Mateo,Mateo 6:33,Basico,¿Qué se debe buscar primero según Jesús?,A El reino de Dios y su justicia,B La riqueza,C El poder político,D La fama,A,El reino de Dios y su justicia,Jesús enseña a priorizar el reino de Dios por encima de las preocupaciones materiales.,Revisar,No,No
QB0860,NT,Mateo,Mateo 7:12,Basico,¿Qué principio resume el trato hacia otras personas?,A Tratar a otros como uno desea ser tratado,B Evitar a los demás,C Buscar ventaja,D Responder siempre con dureza,A,Tratar a otros como uno desea ser tratado,La enseñanza resume una ética de consideración y reciprocidad.,Revisar,No,No
QB0861,NT,Mateo,Mateo 8:8,Intermedio,¿Qué mostró el centurión al pedir por su siervo?,A Confianza en la autoridad de Jesús sin exigir su presencia física,B Duda completa,C Deseo de riqueza,D Interés político,A,Confianza en la autoridad de Jesús sin exigir su presencia física,El centurión creyó que una palabra de Jesús era suficiente para producir sanidad.,Revisar,No,No
QB0862,NT,Mateo,Mateo 9:12,Basico,¿Qué comparación usó Jesús para explicar por qué se acercaba a pecadores?,A Los enfermos necesitan médico,B Los soldados necesitan armas,C Los estudiantes necesitan libros,D Los viajeros necesitan caminos,A,Los enfermos necesitan médico,La imagen explica la misión de Jesús hacia quienes reconocen necesidad espiritual.,Revisar,No,No
QB0863,NT,Mateo,Mateo 10:29,Intermedio,¿Qué ejemplo usa Jesús para enseñar sobre el cuidado de Dios?,A Los gorriones,B Los leones,C Los caballos,D Los peces,A,Los gorriones,Jesús utiliza aves de poco valor comercial para enfatizar el conocimiento y cuidado de Dios.,Revisar,No,No
QB0864,NT,Mateo,Mateo 11:29,Basico,¿Qué rasgos atribuye Jesús a su propio corazón?,A Manso y humilde,B Orgulloso y fuerte,C Distante y severo,D Impaciente,A,Manso y humilde,Jesús se presenta como modelo de mansedumbre y humildad.,Revisar,No,No
QB0865,NT,Mateo,Mateo 12:7,Intermedio,¿Qué principio recuerda Jesús al citar que Dios desea misericordia más que sacrificio?,A La compasión debe orientar la interpretación religiosa,B El ritual siempre está por encima de las personas,C Solo los sacerdotes pueden mostrar misericordia,D La ley no importa,A,La compasión debe orientar la interpretación religiosa,Jesús usa la cita profética para cuestionar una aplicación rígida sin misericordia.,Revisar,No,No
QB0866,NT,Mateo,Mateo 13:44,Intermedio,¿Con qué compara Jesús el reino en una parábola breve?,A Un tesoro escondido en un campo,B Una espada,C Un río,D Un palacio,A,Un tesoro escondido en un campo,La parábola subraya el valor extraordinario del reino.,Revisar,No,No
QB0867,NT,Mateo,Mateo 14:29,Basico,¿Qué hizo Pedro después de que Jesús le dijera que viniera?,A Caminó sobre el agua hacia Jesús,B Se quedó en la barca,C Nadó hasta la orilla,D Saltó a otra barca,A,Caminó sobre el agua hacia Jesús,Pedro salió de la barca y avanzó sobre el agua por un momento.,Revisar,No,No
QB0868,NT,Mateo,Mateo 15:28,Intermedio,¿Qué elogió Jesús en la mujer cananea?,A Su gran fe,B Su riqueza,C Su conocimiento de la ley,D Su origen,A,Su gran fe,Jesús reconoció la perseverancia y fe de la mujer.,Revisar,No,No
QB0869,NT,Mateo,Mateo 16:24,Intermedio,¿Qué implica seguir a Jesús según su enseñanza?,A Negarse a sí mismo, tomar su cruz y seguirlo,B Buscar reconocimiento,C Evitar toda dificultad,D Gobernar a otros,A,Negarse a sí mismo, tomar su cruz y seguirlo,El discipulado se presenta como una entrega que implica renuncia y seguimiento.,Revisar,No,No
QB0870,NT,Mateo,Mateo 17:5,Avanzado,¿Qué mensaje se oyó desde la nube durante la transfiguración?,A Escuchar al Hijo amado,B Construir un templo,C Regresar a Jerusalén,D Elegir a Pedro como rey,A,Escuchar al Hijo amado,La voz celestial reafirma la identidad de Jesús y ordena escucharlo.,Revisar,No,No
QB0871,NT,Mateo,Mateo 18:4,Basico,¿Qué cualidad relaciona Jesús con ser grande en el reino?,A Humillarse como un niño,B Ser rico,C Tener poder,D Ser mayor de edad,A,Humillarse como un niño,Jesús utiliza la humildad infantil como contraste con la búsqueda de grandeza.,Revisar,No,No
QB0872,NT,Mateo,Mateo 18:22,Intermedio,¿Qué enseñanza dio Jesús ante la pregunta sobre cuántas veces perdonar?,A Perdonar repetidamente sin llevar una cuenta limitada,B Perdonar solo una vez,C Perdonar únicamente a familiares,D No perdonar,A,Perdonar repetidamente sin llevar una cuenta limitada,La respuesta de Jesús rompe con una lógica de perdón estrictamente contabilizado.,Revisar,No,No
QB0873,NT,Mateo,Mateo 19:26,Basico,¿Qué contraste expresa Jesús sobre lo posible para las personas y para Dios?,A Para Dios todo es posible,B Dios tiene las mismas limitaciones,C Nada es posible,D Solo la riqueza hace posibles las cosas,A,Para Dios todo es posible,Jesús enfatiza que la acción de Dios supera los límites humanos.,Revisar,No,No
QB0874,NT,Mateo,Mateo 20:26,Intermedio,¿Cómo debe buscar la grandeza quien quiere ser importante entre los discípulos?,A Mediante el servicio,B Mediante autoridad política,C Mediante riqueza,D Mediante competencia,A,Mediante el servicio,Jesús redefine la grandeza en términos de servicio a otros.,Revisar,No,No
QB0875,NT,Mateo,Mateo 21:13,Intermedio,¿Qué propósito atribuye Jesús al templo al confrontar prácticas comerciales?,A Ser casa de oración,B Ser centro de comercio,C Ser palacio real,D Ser fortaleza militar,A,Ser casa de oración,Jesús denuncia usos que desvirtúan la finalidad espiritual del templo.,Revisar,No,No
QB0876,NT,Mateo,Mateo 22:39,Basico,¿Cuál es el segundo gran mandamiento señalado por Jesús?,A Amar al prójimo como a uno mismo,B Guardar el sábado,C Dar diezmos,D Ayunar,A,Amar al prójimo como a uno mismo,Jesús une el amor a Dios con el amor al prójimo.,Revisar,No,No
QB0877,NT,Mateo,Mateo 23:12,Intermedio,¿Qué principio enseña Jesús sobre exaltación y humildad?,A Quien se humilla será exaltado,B El orgulloso siempre vence,C La humildad no tiene valor,D Solo los líderes pueden ser humildes,A,Quien se humilla será exaltado,Jesús contrapone orgullo y humildad dentro de su enseñanza sobre liderazgo religioso.,Revisar,No,No
QB0878,NT,Mateo,Mateo 24:35,Basico,¿Qué afirma Jesús sobre sus palabras frente al cielo y la tierra?,A Permanecerán,B Desaparecerán primero,C Dependen del templo,D Solo sirven para una generación,A,Permanecerán,El pasaje subraya la permanencia y confiabilidad de las palabras de Jesús.,Revisar,No,No
QB0879,NT,Mateo,Mateo 25:21,Intermedio,¿Qué recibe el siervo considerado fiel en la parábola de los talentos?,A Reconocimiento y mayores responsabilidades,B Castigo,C Expulsión,D Pérdida de todo,A,Reconocimiento y mayores responsabilidades,La parábola asocia fidelidad en pequeñas responsabilidades con confianza mayor.,Revisar,No,No
QB0880,NT,Mateo,Mateo 26:39,Avanzado,¿Qué actitud muestra Jesús en Getsemaní respecto a su deseo y la voluntad del Padre?,A Somete su deseo a la voluntad del Padre,B Rechaza obedecer,C Huye de Jerusalén,D Culpa a los discípulos,A,Somete su deseo a la voluntad del Padre,La oración refleja tensión humana y una decisión consciente de obediencia.,Revisar,No,No
QB0881,NT,Mateo,Mateo 27:54,Intermedio,¿Qué dijeron el centurión y quienes estaban con él después de los acontecimientos en la crucifixión?,A Reconocieron a Jesús como Hijo de Dios,B Dijeron que era un criminal común,C Se burlaron,D Lo llamaron sacerdote,A,Reconocieron a Jesús como Hijo de Dios,Los acontecimientos alrededor de la muerte de Jesús provocaron una confesión significativa.,Revisar,No,No
QB0882,NT,Mateo,Mateo 28:20,Basico,¿Qué promesa acompaña la misión final de Jesús?,A Estará con sus discípulos todos los días,B Nunca enfrentarán oposición,C Serán ricos,D Gobernarán Roma,A,Estará con sus discípulos todos los días,La misión termina con una promesa de presencia continua.,Revisar,No,No
QB0883,NT,Marcos,Marcos 1:15,Basico,¿Qué dos respuestas pide Jesús al anunciar la cercanía del reino?,A Arrepentirse y creer en las buenas noticias,B Ayunar y viajar,C Construir y gobernar,D Callar y esperar,A,Arrepentirse y creer en las buenas noticias,El anuncio inicial de Jesús combina arrepentimiento y fe.,Revisar,No,No
QB0884,NT,Marcos,Marcos 1:35,Basico,¿Qué hacía Jesús muy temprano en un lugar solitario?,A Oraba,B Dormía,C Pescaba,D Enseñaba a multitudes,A,Oraba,El relato muestra a Jesús buscando un lugar apartado para orar.,Revisar,No,No
QB0885,NT,Marcos,Marcos 2:17,Intermedio,¿Cómo explicó Jesús su acercamiento a pecadores?,A Los enfermos necesitan médico,B Los justos necesitan castigo,C Los ricos necesitan ayuda,D Los soldados necesitan armas,A,Los enfermos necesitan médico,Jesús presenta su misión como una respuesta a la necesidad espiritual.,Revisar,No,No
QB0886,NT,Marcos,Marcos 3:35,Intermedio,¿A quién considera Jesús parte de su familia espiritual?,A A quien hace la voluntad de Dios,B Solo a sus parientes biológicos,C Solo a los doce,D Solo a sacerdotes,A,A quien hace la voluntad de Dios,Jesús amplía el concepto de familia en torno a la obediencia a Dios.,Revisar,No,No
QB0887,NT,Marcos,Marcos 4:20,Intermedio,¿Qué representa la buena tierra en la parábola del sembrador?,A Personas que escuchan, reciben y producen fruto,B Quienes rechazan el mensaje,C Solo líderes,D Quienes olvidan inmediatamente,A,Personas que escuchan, reciben y producen fruto,La buena tierra simboliza una recepción productiva del mensaje.,Revisar,No,No
QB0888,NT,Marcos,Marcos 5:36,Basico,¿Qué dijo Jesús a Jairo cuando recibió malas noticias sobre su hija?,A No temas; cree,B Regresa a casa,C Busca otro maestro,D Espera varios días,A,No temas; cree,Jesús llamó a Jairo a mantener la confianza frente a una noticia devastadora.,Revisar,No,No
QB0889,NT,Marcos,Marcos 6:34,Intermedio,¿Por qué tuvo compasión Jesús de la multitud?,A Porque parecían ovejas sin pastor,B Porque eran pocos,C Porque tenían riqueza,D Porque eran soldados,A,Porque parecían ovejas sin pastor,La imagen expresa vulnerabilidad y falta de guía.,Revisar,No,No
QB0890,NT,Marcos,Marcos 7:15,Avanzado,¿Qué enseñanza da Jesús sobre lo que realmente contamina a una persona?,A Lo que sale del interior,B Solo los alimentos,C El contacto con extranjeros,D El polvo del camino,A,Lo que sale del interior,Jesús desplaza el énfasis desde la contaminación externa hacia la condición moral interna.,Revisar,No,No
QB0891,NT,Marcos,Marcos 8:34,Intermedio,¿Qué implica seguir a Jesús según Marcos 8:34?,A Negarse a sí mismo y tomar la cruz,B Buscar poder,C Evitar dificultades,D Recibir riqueza,A,Negarse a sí mismo y tomar la cruz,El discipulado incluye renuncia personal y disposición al costo del seguimiento.,Revisar,No,No
QB0892,NT,Marcos,Marcos 9:35,Intermedio,¿Qué dijo Jesús sobre quien quiere ser el primero?,A Debe ser servidor de todos,B Debe mandar a todos,C Debe ser rico,D Debe evitar a los demás,A,Debe ser servidor de todos,Jesús redefine la grandeza mediante servicio y humildad.,Revisar,No,No
QB0893,NT,Marcos,Marcos 10:27,Basico,¿Qué afirma Jesús sobre aquello que es imposible para las personas?,A No es imposible para Dios,B También es imposible para Dios,C Solo depende del dinero,D Siempre debe abandonarse,A,No es imposible para Dios,Jesús destaca el poder de Dios frente a los límites humanos.,Revisar,No,No
QB0894,NT,Marcos,Marcos 10:46,Basico,¿Cómo se llamaba el hombre ciego que pidió ayuda a Jesús cerca de Jericó?,A Bartimeo,B Zaqueo,C Lázaro,D Jairo,A,Bartimeo,Bartimeo llamó a Jesús mientras este salía de Jericó.,Revisar,No,No
QB0895,NT,Marcos,Marcos 11:22,Basico,¿Qué exhortación dio Jesús a sus discípulos?,A Tener fe en Dios,B Confiar en las riquezas,C Buscar señales constantemente,D Evitar Jerusalén,A,Tener fe en Dios,Jesús respondió a sus discípulos con una exhortación directa a la fe.,Revisar,No,No
QB0896,NT,Marcos,Marcos 12:31,Basico,¿Qué mandamiento acompaña al amor a Dios?,A Amar al prójimo como a uno mismo,B Guardar silencio,C Ayunar,D Viajar al templo,A,Amar al prójimo como a uno mismo,Jesús une el amor a Dios con el amor al prójimo.,Revisar,No,No
QB0897,NT,Marcos,Marcos 12:43,Intermedio,¿Por qué destacó Jesús la ofrenda de una viuda pobre?,A Dio proporcionalmente más al entregar de su necesidad,B Dio la mayor cantidad absoluta,C Era conocida de Jesús,D Era sacerdotisa,A,Dio proporcionalmente más al entregar de su necesidad,Jesús evaluó la generosidad por el costo personal y no solo por la cantidad.,Revisar,No,No
QB0898,NT,Marcos,Marcos 13:33,Intermedio,¿Qué actitud pide Jesús ante lo que vendrá?,A Estar atentos y vigilantes,B Fijar fechas,C Dormir,D Ignorar las señales,A,Estar atentos y vigilantes,Jesús insiste en vigilancia porque el momento exacto no es conocido.,Revisar,No,No
QB0899,NT,Marcos,Marcos 14:38,Intermedio,¿Qué recomienda Jesús a sus discípulos en Getsemaní frente a la tentación?,A Vigilar y orar,B Dormir más,C Huir,D Buscar armas,A,Vigilar y orar,Jesús relaciona vigilancia y oración con resistencia ante la tentación.,Revisar,No,No
QB0900,NT,Marcos,Marcos 15:34,Avanzado,¿Qué tipo de experiencia expresa Jesús mediante su clamor durante la crucifixión?,A Profunda sensación de abandono,B Victoria militar,C Alegría pública,D Indiferencia,A,Profunda sensación de abandono,El clamor expresa la intensidad del sufrimiento vivido en la cruz.,Revisar,No,No
QB0901,NT,Marcos,Marcos 16:7,Basico,¿A quién debía mencionarse especialmente al comunicar a los discípulos que Jesús iría delante de ellos a Galilea?,A Pedro,B Tomás,C Mateo,D Andrés,A,Pedro,El mensaje de la tumba incluye una mención particular a Pedro.,Revisar,No,No
QB0902,NT,Lucas,Lucas 1:37,Basico,¿Qué se afirma acerca del poder de Dios durante el anuncio a María?,A Nada es imposible para Dios,B Dios tiene límites humanos,C Solo puede actuar en Jerusalén,D Depende de los sacerdotes,A,Nada es imposible para Dios,El anuncio destaca la capacidad de Dios para cumplir lo que promete.,Revisar,No,No
QB0903,NT,Lucas,Lucas 1:46,Intermedio,¿Qué expresa María al comenzar su cántico?,A Exalta al Señor,B Pide riquezas,C Declara una guerra,D Habla contra Elisabet,A,Exalta al Señor,El cántico comienza como una respuesta de alabanza y gratitud.,Revisar,No,No
QB0904,NT,Lucas,Lucas 2:10,Basico,¿Qué clase de noticia anuncia el ángel a los pastores?,A Una gran alegría para todo el pueblo,B Una guerra,C Una nueva ley romana,D Un impuesto,A,Una gran alegría para todo el pueblo,El anuncio del nacimiento se presenta como una buena noticia de gran alegría.,Revisar,No,No
QB0905,NT,Lucas,Lucas 2:52,Intermedio,¿En qué aspectos se dice que crecía Jesús?,A Sabiduría, estatura y favor,B Riqueza y poder,C Fuerza militar,D Fama únicamente,A,Sabiduría, estatura y favor,El resumen presenta un desarrollo integral de Jesús.,Revisar,No,No
QB0906,NT,Lucas,Lucas 3:8,Intermedio,¿Qué pide Juan el Bautista como evidencia del arrepentimiento?,A Frutos coherentes con ese cambio,B Solo palabras,C Riqueza,D Peregrinaciones,A,Frutos coherentes con ese cambio,Juan insiste en que el arrepentimiento debe producir cambios visibles.,Revisar,No,No
QB0907,NT,Lucas,Lucas 4:4,Basico,¿Qué responde Jesús durante una de las tentaciones acerca del alimento?,A La vida no depende solo de pan,B El pan es innecesario,C Nunca debe comerse,D La riqueza sustituye al alimento,A,La vida no depende solo de pan,Jesús responde con una enseñanza que recuerda la dependencia de Dios más allá de lo material.,Revisar,No,No
QB0908,NT,Lucas,Lucas 5:20,Intermedio,¿Qué declaró Jesús al paralítico antes de la sanidad física?,A Que sus pecados eran perdonados,B Que debía ir al templo,C Que debía pagar,D Que debía regresar a casa,A,Que sus pecados eran perdonados,El relato une el encuentro con Jesús a una declaración de perdón.,Revisar,No,No
QB0909,NT,Lucas,Lucas 6:31,Basico,¿Qué principio de trato hacia otros enseña Jesús?,A Tratar a otros como uno desea ser tratado,B Juzgarlos siempre,C Evitarlos,D Competir con ellos,A,Tratar a otros como uno desea ser tratado,La enseñanza resume una ética de reciprocidad y consideración.,Revisar,No,No
QB0910,NT,Lucas,Lucas 7:9,Intermedio,¿Qué elogió Jesús en el centurión?,A Su gran fe,B Su riqueza,C Su rango militar,D Su ciudadanía,A,Su gran fe,Jesús expresó admiración por la confianza mostrada por el centurión.,Revisar,No,No
QB0911,NT,Lucas,Lucas 8:15,Intermedio,¿Qué caracteriza a la buena tierra en la explicación de la parábola?,A Retener la palabra y producir fruto con perseverancia,B Olvidarla pronto,C Recibirla sin cambios,D Escuchar solo por curiosidad,A,Retener la palabra y producir fruto con perseverancia,La buena tierra representa una recepción perseverante y fructífera.,Revisar,No,No
QB0912,NT,Lucas,Lucas 9:23,Intermedio,¿Qué implica seguir a Jesús diariamente?,A Negarse a sí mismo y tomar la cruz,B Buscar riqueza,C Evitar dificultades,D Ser reconocido,A,Negarse a sí mismo y tomar la cruz,Jesús presenta el discipulado como una decisión continua de entrega.,Revisar,No,No
QB0913,NT,Lucas,Lucas 10:20,Avanzado,¿Qué motivo de alegría considera Jesús más importante que el poder espiritual?,A Que sus nombres estén registrados en el cielo,B Que los espíritus se sometan,C Que sean famosos,D Que tengan riquezas,A,Que sus nombres estén registrados en el cielo,Jesús orienta la alegría de los discípulos hacia su relación con Dios más que hacia sus logros.,Revisar,No,No
QB0914,NT,Lucas,Lucas 10:42,Intermedio,¿Qué valoró Jesús en la elección de María frente a Marta?,A Priorizar escuchar su enseñanza,B Ignorar toda responsabilidad doméstica,C Evitar servir,D Permanecer siempre sentada,A,Priorizar escuchar su enseñanza,El relato contrasta preocupación excesiva con la decisión de atender a Jesús.,Revisar,No,No
QB0915,NT,Lucas,Lucas 11:28,Basico,¿A quién llama Jesús bienaventurado en relación con la palabra de Dios?,A A quien la escucha y la guarda,B Solo a su familia,C A quienes tienen riqueza,D A los gobernantes,A,A quien la escucha y la guarda,Jesús enfatiza una respuesta obediente a la palabra de Dios.,Revisar,No,No
QB0916,NT,Lucas,Lucas 12:34,Intermedio,¿Qué relación establece Jesús entre tesoro y corazón?,A El corazón sigue aquello que se valora,B No existe relación,C El tesoro siempre está en Jerusalén,D El corazón depende del dinero,A,El corazón sigue aquello que se valora,La enseñanza conecta prioridades y orientación interior.,Revisar,No,No
QB0917,NT,Lucas,Lucas 13:3,Basico,¿Qué respuesta pide Jesús ante la fragilidad de la vida?,A Arrepentimiento,B Riqueza,C Viajes,D Aislamiento,A,Arrepentimiento,Jesús aprovecha hechos trágicos para llamar a una respuesta personal de arrepentimiento.,Revisar,No,No
QB0918,NT,Lucas,Lucas 14:11,Intermedio,¿Qué principio enseña Jesús sobre exaltarse y humillarse?,A Quien se humilla será exaltado,B El orgulloso siempre gana,C La humildad no importa,D Solo los pobres deben ser humildes,A,Quien se humilla será exaltado,La enseñanza contrasta orgullo y humildad en el contexto de una comida.,Revisar,No,No
QB0919,NT,Lucas,Lucas 15:7,Intermedio,¿Qué produce alegría en el cielo según la parábola?,A El arrepentimiento de una persona,B La riqueza de un rey,C La construcción de una sinagoga,D La victoria militar,A,El arrepentimiento de una persona,La parábola resalta el valor de recuperar a quien estaba perdido.,Revisar,No,No
QB0920,NT,Lucas,Lucas 16:10,Basico,¿Qué relación establece Jesús entre fidelidad en asuntos pequeños y grandes?,A Quien es fiel en poco también puede ser fiel en mucho,B No hay relación,C Solo importa lo grande,D Lo pequeño no tiene valor,A,Quien es fiel en poco también puede ser fiel en mucho,La enseñanza destaca que la integridad se demuestra también en responsabilidades pequeñas.,Revisar,No,No
QB0921,NT,Lucas,Lucas 17:4,Intermedio,¿Qué actitud se pide si alguien se arrepiente repetidamente de una falta?,A Perdonarlo,B Rechazarlo después de una vez,C Ignorarlo,D Castigarlo,A,Perdonarlo,Jesús enseña una disposición reiterada al perdón cuando existe arrepentimiento.,Revisar,No,No
QB0922,NT,Lucas,Lucas 18:16,Basico,¿A quiénes permitió Jesús acercarse cuando otros intentaban impedirlo?,A A los niños,B A los soldados,C A los comerciantes,D A los recaudadores únicamente,A,A los niños,Jesús recibió a los niños y los usó para enseñar acerca del reino.,Revisar,No,No
QB0923,NT,Lucas,Lucas 19:10,Intermedio,¿Cómo resume Jesús su misión respecto a quienes están perdidos?,A Buscar y salvar,B Juzgar inmediatamente,C Evitar a pecadores,D Construir un reino político,A,Buscar y salvar,Jesús define su misión en términos de búsqueda y salvación de quienes están perdidos.,Revisar,No,No
QB0924,NT,Lucas,Lucas 20:25,Intermedio,¿Qué principio da Jesús respecto a las obligaciones civiles y a Dios?,A Dar a cada uno lo que corresponde,B Rechazar toda autoridad,C Dar todo al gobierno,D No cumplir ninguna obligación,A,Dar a cada uno lo que corresponde,La respuesta distingue responsabilidades hacia autoridades humanas y hacia Dios.,Revisar,No,No
QB0925,NT,Lucas,Lucas 21:1,Intermedio,¿Qué observó Jesús cuando estaba cerca del lugar de las ofrendas?,A Cómo las personas depositaban sus contribuciones,B Cómo los soldados entrenaban,C Cómo los sacerdotes dormían,D Cómo vendían animales,A,Cómo las personas depositaban sus contribuciones,La escena introduce la observación sobre la ofrenda de una viuda pobre.,Revisar,No,No
QB0926,NT,Lucas,Lucas 21:19,Avanzado,¿Qué relación establece Jesús entre perseverancia y vida?,A La perseverancia es clave para mantenerse firmes,B No tiene ninguna relación,C Solo la riqueza protege,D Basta con huir,A,La perseverancia es clave para mantenerse firmes,La enseñanza llama a la constancia en medio de dificultades futuras.,Revisar,No,No
QB0927,NT,Lucas,Lucas 22:42,Avanzado,¿Qué oración expresa Jesús en Getsemaní?,A Que se cumpla la voluntad del Padre por encima de la propia,B Que los discípulos huyan,C Que llegue un ejército,D Que no ocurra nada,A,Que se cumpla la voluntad del Padre por encima de la propia,La oración combina angustia con una decisión de obediencia.,Revisar,No,No
QB0928,NT,Lucas,Lucas 23:34,Intermedio,¿Qué actitud expresó Jesús hacia quienes participaban en su crucifixión?,A Pidió perdón para ellos,B Pidió venganza,C Guardó silencio total,D Ordenó castigo inmediato,A,Pidió perdón para ellos,El relato presenta una respuesta de perdón aun en medio del sufrimiento.,Revisar,No,No
QB0929,NT,Lucas,Lucas 24:27,Avanzado,¿Qué hizo Jesús con los dos discípulos camino a Emaús?,A Les explicó las Escrituras relacionadas con su misión,B Les pidió regresar a casa,C Les mostró un ejército,D Les dio una nueva ley,A,Les explicó las Escrituras relacionadas con su misión,Jesús reinterpretó los acontecimientos a la luz de las Escrituras.,Revisar,No,No
QB0930,NT,Juan,Juan 1:14,Intermedio,¿Qué afirma el prólogo acerca del Verbo?,A Se hizo carne y habitó entre las personas,B Permaneció distante,C Se convirtió en ángel,D Solo apareció en visiones,A,Se hizo carne y habitó entre las personas,El prólogo presenta la encarnación como entrada del Verbo en la experiencia humana.,Revisar,No,No
QB0931,NT,Juan,Juan 1:46,Basico,¿Qué invitación dio Felipe a Natanael cuando este dudó de Nazaret?,A Ven y mira,B Espera aquí,C Viaja a Jerusalén,D Pregunta a Juan,A,Ven y mira,Felipe respondió a la duda con una invitación directa a conocer a Jesús.,Revisar,No,No
QB0932,NT,Juan,Juan 2:11,Intermedio,¿Qué efecto tuvo la señal de Caná en los discípulos?,A Creyeron en Jesús,B Lo abandonaron,C Dudaron más,D Volvieron a pescar,A,Creyeron en Jesús,El evangelio presenta la señal como revelación de gloria y fortalecimiento de la fe de los discípulos.,Revisar,No,No
QB0933,NT,Juan,Juan 3:3,Intermedio,¿Qué necesidad señala Jesús a Nicodemo para ver el reino de Dios?,A Nacer de nuevo o de lo alto,B Ser rico,C Ser sacerdote,D Viajar a Galilea,A,Nacer de nuevo o de lo alto,Jesús introduce la necesidad de una transformación profunda para participar del reino.,Revisar,No,No
QB0934,NT,Juan,Juan 4:23,Intermedio,¿Qué clase de adoradores busca el Padre?,A Quienes adoran en espíritu y verdad,B Solo quienes están en Jerusalén,C Solo sacerdotes,D Solo personas de Samaria,A,Quienes adoran en espíritu y verdad,Jesús desplaza el centro de la discusión desde el lugar hacia la calidad de la adoración.,Revisar,No,No
QB0935,NT,Juan,Juan 5:24,Basico,¿Qué se afirma acerca de quien escucha y cree?,A Tiene vida eterna y ha pasado de muerte a vida,B Nunca tendrá dificultades,C Será rico,D No necesita obedecer,A,Tiene vida eterna y ha pasado de muerte a vida,El pasaje presenta una transición espiritual vinculada con la fe.,Revisar,No,No
QB0936,NT,Juan,Juan 6:68,Intermedio,¿Por qué Pedro afirma que no hay otro lugar al cual ir?,A Jesús tiene palabras de vida eterna,B Jerusalén está lejos,C Los discípulos no conocen otro maestro,D No tienen dinero,A,Jesús tiene palabras de vida eterna,Pedro reconoce en Jesús una fuente única de vida y verdad.,Revisar,No,No
QB0937,NT,Juan,Juan 7:37,Intermedio,¿Qué invitación hace Jesús a quien tiene sed?,A Venir a él y beber,B Ir al templo,C Buscar el Jordán,D Esperar lluvia,A,Venir a él y beber,Jesús utiliza la sed como imagen de necesidad espiritual y ofrece satisfacción en sí mismo.,Revisar,No,No
QB0938,NT,Juan,Juan 8:31,Intermedio,¿Qué identifica Jesús como señal de verdadero discipulado?,A Permanecer en su palabra,B Tener riqueza,C Ser de una nación específica,D Viajar con él,A,Permanecer en su palabra,El discipulado se relaciona con una permanencia sostenida en la enseñanza de Jesús.,Revisar,No,No
QB0939,NT,Juan,Juan 8:32,Basico,¿Qué efecto atribuye Jesús al conocimiento de la verdad?,A Libera,B Enriquece,C Elimina toda responsabilidad,D Evita toda dificultad,A,Libera,El pasaje relaciona verdad y libertad dentro del contexto del discipulado.,Revisar,No,No
QB0940,NT,Juan,Juan 9:25,Intermedio,¿Qué cambio fundamental pudo afirmar el hombre sanado respecto a su experiencia?,A Antes no veía y ahora ve,B Antes era pobre y ahora rico,C Antes era soldado y ahora sacerdote,D Antes vivía en Galilea y ahora Jerusalén,A,Antes no veía y ahora ve,El hombre resume su experiencia sin entrar todavía en debates teológicos complejos.,Revisar,No,No
QB0941,NT,Juan,Juan 10:10,Intermedio,¿Qué propósito atribuye Jesús a su venida respecto a la vida?,A Dar vida en abundancia,B Dar riqueza,C Eliminar toda dificultad,D Gobernar Roma,A,Dar vida en abundancia,Jesús contrasta su propósito con el daño producido por el ladrón.,Revisar,No,No
QB0942,NT,Juan,Juan 11:35,Basico,¿Qué hizo Jesús ante el dolor por la muerte de Lázaro?,A Lloró,B Se rio,C Se fue,D Guardó silencio sin emoción,A,Lloró,El breve versículo muestra la participación emocional de Jesús ante el sufrimiento.,Revisar,No,No
QB0943,NT,Juan,Juan 12:24,Avanzado,¿Qué imagen usa Jesús para hablar de muerte y fruto?,A Un grano de trigo que muere para producir mucho fruto,B Un árbol seco,C Una red de pesca,D Una moneda,A,Un grano de trigo que muere para producir mucho fruto,La imagen agrícola anticipa el significado de la entrega de Jesús y el fruto que resultará de ella.,Revisar,No,No
QB0944,NT,Juan,Juan 13:14,Intermedio,¿Qué ejemplo práctico dejó Jesús al lavar los pies de sus discípulos?,A Servirse mutuamente con humildad,B Competir por autoridad,C Evitar tareas sencillas,D Buscar reconocimiento,A,Servirse mutuamente con humildad,Jesús convirtió una tarea humilde en modelo de servicio para sus seguidores.,Revisar,No,No
QB0945,NT,Juan,Juan 14:27,Basico,¿Qué deja Jesús a sus discípulos antes de su partida?,A Paz,B Riqueza,C Poder político,D Un ejército,A,Paz,Jesús ofrece una paz distinta a la que proporciona el mundo.,Revisar,No,No
QB0946,NT,Juan,Juan 15:12,Basico,¿Qué mandamiento da Jesús a sus discípulos?,A Amarse como él los ha amado,B Competir entre ellos,C Separarse,D Buscar riqueza,A,Amarse como él los ha amado,El amor mutuo debe tomar como modelo el amor de Jesús.,Revisar,No,No
QB0947,NT,Juan,Juan 15:13,Intermedio,¿Cuál considera Jesús la mayor expresión de amor?,A Dar la vida por los amigos,B Dar dinero,C Hablar bien de otros,D Evitar problemas,A,Dar la vida por los amigos,El pasaje presenta la entrega de la propia vida como expresión máxima de amor.,Revisar,No,No
QB0948,NT,Juan,Juan 16:33,Intermedio,¿Qué combinación de realidad y esperanza presenta Jesús?,A Habrá dificultades, pero él ha vencido al mundo,B Nunca habrá problemas,C El mundo ya es perfecto,D Todo depende del poder humano,A,Habrá dificultades, pero él ha vencido al mundo,Jesús ofrece paz sin negar la realidad de las dificultades.,Revisar,No,No
QB0949,NT,Juan,Juan 17:3,Avanzado,¿Cómo define Jesús la vida eterna en su oración?,A Conocer al único Dios verdadero y a Jesucristo enviado por él,B Vivir sin morir físicamente,C Tener riquezas,D Gobernar,A,Conocer al único Dios verdadero y a Jesucristo enviado por él,La vida eterna se presenta como una relación de conocimiento con Dios y con Jesús.,Revisar,No,No
QB0950,NT,Juan,Juan 18:37,Avanzado,¿Qué propósito relaciona Jesús con haber venido al mundo ante Pilato?,A Dar testimonio de la verdad,B Formar un ejército,C Construir un templo,D Gobernar Jerusalén,A,Dar testimonio de la verdad,Jesús relaciona su misión con la verdad y no con una conquista política.,Revisar,No,No
QB0951,NT,Juan,Juan 19:26,Intermedio,¿Qué hizo Jesús respecto a su madre y al discípulo amado desde la cruz?,A Los vinculó en una responsabilidad familiar,B Los envió a Galilea,C Les dio riquezas,D Les pidió huir,A,Los vinculó en una responsabilidad familiar,Jesús confió el cuidado de su madre al discípulo amado.,Revisar,No,No
QB0952,NT,Juan,Juan 20:21,Intermedio,¿Qué paralelo establece Jesús al enviar a sus discípulos?,A Así como el Padre lo envió, él los envía a ellos,B Deben quedarse siempre en Jerusalén,C Deben gobernar políticamente,D Deben reemplazar a los sacerdotes,A,Así como el Padre lo envió, él los envía a ellos,La misión de los discípulos se presenta como continuación del envío de Jesús.,Revisar,No,No
QB0953,NT,Juan,Juan 21:6,Basico,¿Qué ocurrió cuando los discípulos siguieron la indicación de Jesús sobre dónde echar la red?,A Obtuvieron una gran cantidad de peces,B No pescaron nada,C La red se perdió,D La barca se hundió,A,Obtuvieron una gran cantidad de peces,La pesca abundante permitió reconocer la presencia de Jesús en la orilla.,Revisar,No,No
QB0954,NT,Hechos,Hechos 1:14,Intermedio,¿Qué práctica caracterizaba al grupo de discípulos antes de Pentecostés?,A Perseveraban unidos en oración,B Se dispersaron,C Dejaron de reunirse,D Prepararon una guerra,A,Perseveraban unidos en oración,El grupo esperaba unido y dedicado a la oración.,Revisar,No,No
QB0955,NT,Hechos,Hechos 2:42,Basico,¿A qué actividades se dedicaban los primeros creyentes?,A Enseñanza, comunión, oración y compartir el pan,B Política y comercio,C Viajes y guerra,D Agricultura,A,Enseñanza, comunión, oración y compartir el pan,El pasaje resume prácticas centrales de la primera comunidad.,Revisar,No,No
QB0956,NT,Hechos,Hechos 3:19,Intermedio,¿Qué respuesta pide Pedro después de confrontar al pueblo?,A Arrepentirse y volverse a Dios,B Huir de Jerusalén,C Buscar un rey,D Guardar silencio,A,Arrepentirse y volverse a Dios,El mensaje llama a un cambio de dirección y retorno a Dios.,Revisar,No,No
QB0957,NT,Hechos,Hechos 4:32,Intermedio,¿Cómo se describe la relación entre los creyentes?,A Unidos de corazón y compartiendo recursos,B Competitivos,C Aislados,D Divididos,A,Unidos de corazón y compartiendo recursos,La comunidad es presentada con fuerte unidad y solidaridad económica.,Revisar,No,No
QB0958,NT,Hechos,Hechos 5:41,Intermedio,¿Cómo reaccionaron los apóstoles después de sufrir por anunciar a Jesús?,A Se alegraron de haber sido considerados dignos de sufrir por su nombre,B Abandonaron la predicación,C Se vengaron,D Huyeron a Egipto,A,Se alegraron de haber sido considerados dignos de sufrir por su nombre,Su respuesta muestra una fuerte convicción y perseverancia frente a la oposición.,Revisar,No,No
QB0959,NT,Hechos,Hechos 6:8,Intermedio,¿Qué caracterizaba a Esteban en su ministerio?,A Gracia y poder,B Riqueza,C Autoridad política,D Fuerza militar,A,Gracia y poder,Esteban es descrito como alguien por medio de quien ocurrían señales y obras significativas.,Revisar,No,No
QB0960,NT,Hechos,Hechos 8:35,Intermedio,¿Qué hizo Felipe a partir del pasaje que leía el funcionario etíope?,A Le anunció las buenas noticias acerca de Jesús,B Le enseñó política romana,C Lo llevó al templo,D Le pidió dinero,A,Le anunció las buenas noticias acerca de Jesús,Felipe conectó el texto leído con el mensaje acerca de Jesús.,Revisar,No,No
QB0961,NT,Hechos,Hechos 9:26,Intermedio,¿Qué dificultad tuvo Saulo al intentar unirse a los discípulos en Jerusalén?,A Tenían miedo y dudaban de su conversión,B No conocían su idioma,C No tenía dinero,D Era demasiado joven,A,Tenían miedo y dudaban de su conversión,La reputación pasada de Saulo provocó desconfianza inicial.,Revisar,No,No
QB0962,NT,Hechos,Hechos 10:44,Intermedio,¿Qué ocurrió mientras Pedro todavía hablaba en casa de Cornelio?,A El Espíritu Santo vino sobre quienes escuchaban,B El edificio se incendió,C Llegó Pablo,D Todos huyeron,A,El Espíritu Santo vino sobre quienes escuchaban,El acontecimiento confirmó la inclusión de los gentiles en la comunidad creyente.,Revisar,No,No
QB0963,NT,Hechos,Hechos 11:18,Avanzado,¿Qué conclusión sacaron los creyentes judíos al escuchar lo ocurrido con Cornelio?,A Dios también había concedido a los gentiles arrepentimiento para vida,B Los gentiles debían ser rechazados,C Pedro había actuado mal,D Solo Jerusalén podía recibir el mensaje,A,Dios también había concedido a los gentiles arrepentimiento para vida,La comunidad reconoció que la acción de Dios se extendía también a los gentiles.,Revisar,No,No
QB0964,NT,Hechos,Hechos 12:5,Basico,¿Qué hacía la iglesia mientras Pedro estaba encarcelado?,A Oraba intensamente por él,B Dormía,C Preparaba una rebelión,D Lo había olvidado,A,Oraba intensamente por él,La comunidad respondió a la prisión de Pedro mediante oración constante.,Revisar,No,No
QB0965,NT,Hechos,Hechos 13:47,Avanzado,¿Qué misión amplia relacionaron Pablo y Bernabé con su llamado?,A Ser luz para las naciones y llevar salvación lejos,B Gobernar Roma,C Volver a Jerusalén,D Construir templos,A,Ser luz para las naciones y llevar salvación lejos,Los misioneros interpretaron su tarea con una perspectiva de alcance internacional.,Revisar,No,No
QB0966,NT,Hechos,Hechos 14:22,Intermedio,¿Qué enseñaban Pablo y Bernabé a los discípulos acerca del camino del reino?,A Que implicaba perseverar a través de dificultades,B Que eliminaba todo sufrimiento,C Que garantizaba riqueza,D Que requería abandonar la comunidad,A,Que implicaba perseverar a través de dificultades,La misión fortalecía a los nuevos creyentes preparándolos para una vida de perseverancia.,Revisar,No,No
QB0967,NT,Hechos,Hechos 15:8,Avanzado,¿Qué señal usó Pedro para mostrar que Dios había aceptado también a los gentiles?,A Les dio el Espíritu Santo,B Les dio riqueza,C Los llevó al templo,D Los convirtió en sacerdotes,A,Les dio el Espíritu Santo,Pedro apeló a la acción de Dios como evidencia de aceptación sin distinción.,Revisar,No,No
QB0968,NT,Hechos,Hechos 16:31,Basico,¿Qué respuesta dieron Pablo y Silas al carcelero que preguntó por salvación?,A Creer en el Señor Jesús,B Ir a Jerusalén,C Entregar dinero,D Guardar la ley romana,A,Creer en el Señor Jesús,La respuesta centró la salvación en la confianza en Jesús.,Revisar,No,No
QB0969,NT,Hechos,Hechos 17:28,Avanzado,¿Qué idea utilizó Pablo en Atenas para conectar con sus oyentes acerca de Dios?,A Que en él vivimos, nos movemos y existimos,B Que Zeus era el Dios verdadero,C Que Roma gobernaría siempre,D Que el templo de Atenas era suficiente,A,Que en él vivimos, nos movemos y existimos,Pablo adaptó su discurso al contexto cultural para presentar a Dios como fuente de toda vida.,Revisar,No,No
QB0970,NT,Hechos,Hechos 18:9,Intermedio,¿Qué ánimo recibió Pablo en una visión en Corinto?,A No tener miedo y seguir hablando,B Abandonar la ciudad,C Regresar a Tarso,D Dejar de enseñar,A,No tener miedo y seguir hablando,La visión fortaleció a Pablo para continuar su ministerio a pesar de la oposición.,Revisar,No,No
QB0971,NT,Hechos,Hechos 19:19,Intermedio,¿Qué hicieron algunas personas que habían practicado magia después de creer?,A Quemaron públicamente sus libros,B Los vendieron,C Los llevaron al templo,D Los escondieron,A,Quemaron públicamente sus libros,La acción simbolizó una ruptura concreta con prácticas anteriores.,Revisar,No,No
QB0972,NT,Hechos,Hechos 20:35,Intermedio,¿Qué enseñanza recuerda Pablo sobre dar y recibir?,A Hay mayor felicidad en dar que en recibir,B Es mejor recibir,C Dar produce pobreza,D Solo los ricos deben dar,A,Hay mayor felicidad en dar que en recibir,Pablo utiliza esta enseñanza para respaldar una ética de generosidad y trabajo.,Revisar,No,No
QB0973,NT,Hechos,Hechos 21:14,Intermedio,¿Cómo reaccionaron los compañeros de Pablo cuando no pudieron persuadirlo de evitar Jerusalén?,A Aceptaron que se cumpliera la voluntad del Señor,B Lo abandonaron,C Lo entregaron a los romanos,D Lo obligaron a regresar,A,Aceptaron que se cumpliera la voluntad del Señor,Ante la firme decisión de Pablo, sus compañeros dejaron el asunto en manos de Dios.,Revisar,No,No
QB0974,NT,Hechos,Hechos 22:21,Avanzado,¿A qué grupo amplio dijo Pablo que Dios lo enviaría?,A A los gentiles,B Solo a los sacerdotes,C A Egipto únicamente,D A los romanos de Jerusalén,A,A los gentiles,El testimonio de Pablo incluye una misión dirigida a pueblos no judíos.,Revisar,No,No
QB0975,NT,Hechos,Hechos 23:6,Avanzado,¿Qué tema doctrinal usó Pablo al hablar ante el consejo dividido entre fariseos y saduceos?,A La esperanza de la resurrección,B El pago de impuestos,C La reconstrucción del templo,D El ayuno,A,La esperanza de la resurrección,Pablo señaló que estaba siendo juzgado por la esperanza de la resurrección, lo que evidenció la división del consejo.,Revisar,No,No
QB0976,NT,Hechos,Hechos 24:16,Intermedio,¿Qué procuraba mantener Pablo delante de Dios y de las personas?,A Una conciencia limpia,B Gran riqueza,C Influencia política,D Una reputación militar,A,Una conciencia limpia,Pablo describe una disciplina personal de integridad moral.,Revisar,No,No
QB0977,NT,Hechos,Hechos 26:20,Avanzado,¿Qué respuesta práctica predicaba Pablo junto con el arrepentimiento?,A Realizar obras coherentes con ese cambio,B Buscar poder,C Viajar a Roma,D Abandonar toda actividad,A,Realizar obras coherentes con ese cambio,El mensaje de Pablo incluía arrepentimiento expresado en una conducta nueva.,Revisar,No,No
QB0978,NT,Hechos,Hechos 27:25,Intermedio,¿Qué actitud expresó Pablo durante la tormenta después de recibir el mensaje del ángel?,A Confianza en que ocurriría como Dios había dicho,B Desesperación,C Deseo de abandonar el barco,D Duda total,A,Confianza en que ocurriría como Dios había dicho,Pablo transmitió esperanza a los demás basándose en su confianza en la promesa recibida.,Revisar,No,No
QB0979,NT,Hechos,Hechos 28:24,Intermedio,¿Cómo reaccionaron quienes escucharon a Pablo en Roma?,A Algunos creyeron y otros no,B Todos rechazaron,C Todos creyeron,D Nadie entendió,A,Algunos creyeron y otros no,El final de Hechos mantiene la diversidad de respuestas al mensaje de Pablo.,Revisar,No,No
QB0980,NT,Romanos,Romanos 2:4,Intermedio,¿A qué conduce la bondad de Dios según Pablo?,A Al arrepentimiento,B A la riqueza,C A la indiferencia,D Al orgullo,A,Al arrepentimiento,La bondad de Dios se presenta como una invitación al cambio de vida.,Revisar,No,No
QB0981,NT,Romanos,Romanos 4:3,Intermedio,¿Qué ejemplo usa Pablo de alguien que creyó a Dios y fue considerado justo?,A Abraham,B Moisés,C David únicamente,D Pedro,A,Abraham,Abraham es el ejemplo principal de justificación vinculada a la fe.,Revisar,No,No
QB0982,NT,Romanos,Romanos 5:8,Basico,¿Cómo demuestra Dios su amor según Pablo?,A Cristo murió por nosotros cuando aún éramos pecadores,B Dando riquezas,C Evitando toda dificultad,D Enviando un ejército,A,Cristo murió por nosotros cuando aún éramos pecadores,El amor de Dios se muestra en una acción realizada antes de cualquier mérito humano.,Revisar,No,No
QB0983,NT,Romanos,Romanos 6:4,Intermedio,¿Qué simboliza el bautismo en relación con la vida del creyente?,A Caminar en una vida nueva,B Regresar a la vida anterior,C Evitar responsabilidades,D Ganar poder,A,Caminar en una vida nueva,Pablo vincula la unión con la muerte y resurrección de Cristo con una nueva manera de vivir.,Revisar,No,No
QB0984,NT,Romanos,Romanos 7:19,Avanzado,¿Qué conflicto interior describe Pablo?,A Hacer lo que no quiere y no hacer el bien que desea,B No saber qué ley seguir políticamente,C Elegir entre Jerusalén y Roma,D Trabajar o descansar,A,Hacer lo que no quiere y no hacer el bien que desea,El pasaje retrata una tensión moral entre deseo y conducta.,Revisar,No,No
QB0985,NT,Romanos,Romanos 8:18,Intermedio,¿Cómo compara Pablo los sufrimientos presentes con la gloria futura?,A No son comparables en magnitud,B Son mayores que la gloria,C Son iguales,D No existe gloria futura,A,No son comparables en magnitud,Pablo invita a mirar el sufrimiento presente desde una esperanza futura mucho mayor.,Revisar,No,No
QB0986,NT,Romanos,Romanos 8:26,Intermedio,¿Qué ayuda ofrece el Espíritu en la oración?,A Ayuda en la debilidad e intercede,B Elimina la necesidad de orar,C Solo enseña palabras memorizadas,D Sustituye toda responsabilidad,A,Ayuda en la debilidad e intercede,El pasaje presenta al Espíritu acompañando al creyente en sus limitaciones al orar.,Revisar,No,No
QB0987,NT,Romanos,Romanos 8:38,Avanzado,¿Qué convicción expresa Pablo sobre el amor de Dios?,A Nada creado puede separarnos de él en Cristo,B Depende de las circunstancias,C Solo dura mientras no haya sufrimiento,D Solo pertenece a líderes,A,Nada creado puede separarnos de él en Cristo,Pablo enumera múltiples realidades para expresar la seguridad del amor de Dios en Cristo.,Revisar,No,No
QB0988,NT,Romanos,Romanos 9:20,Experto,¿Qué imagen usa Pablo para cuestionar que la criatura juzgue a su creador?,A El barro y el alfarero,B La oveja y el pastor,C El soldado y el rey,D El árbol y el jardinero,A,El barro y el alfarero,La imagen subraya la diferencia entre la autoridad del creador y la posición de la criatura.,Revisar,No,No
QB0989,NT,Romanos,Romanos 10:14,Intermedio,¿Qué cadena de acciones presenta Pablo para explicar la necesidad de la predicación?,A Oír, creer e invocar requieren que alguien anuncie,B Solo leer es suficiente,C No se necesita escuchar,D La predicación depende del templo,A,Oír, creer e invocar requieren que alguien anuncie,El pasaje muestra la importancia de comunicar el mensaje para que otros puedan responder.,Revisar,No,No
QB0990,NT,Romanos,Romanos 11:33,Avanzado,¿Qué expresa Pablo al contemplar la sabiduría y conocimiento de Dios?,A Asombro ante su profundidad e incomprensibilidad total,B Duda de su existencia,C Que son iguales a los humanos,D Que pueden agotarse,A,Asombro ante su profundidad e incomprensibilidad total,La sección termina en una doxología que reconoce la grandeza del conocimiento divino.,Revisar,No,No
QB0991,NT,Romanos,Romanos 12:1,Intermedio,¿Con qué imagen describe Pablo la entrega de la propia vida a Dios?,A Como sacrificio vivo,B Como una corona,C Como una espada,D Como un viaje,A,Como sacrificio vivo,La adoración se presenta como una entrega integral y cotidiana de la persona.,Revisar,No,No
QB0992,NT,Romanos,Romanos 12:18,Intermedio,¿Qué recomienda Pablo respecto a la convivencia con otros cuando depende de uno?,A Vivir en paz con todos,B Competir,C Evitar a todos,D Imponer la propia opinión,A,Vivir en paz con todos,El pasaje llama a hacer todo lo posible para mantener relaciones pacíficas.,Revisar,No,No
QB0993,NT,Romanos,Romanos 13:1,Avanzado,¿Qué enseñanza general da Pablo sobre las autoridades civiles?,A Reconocer su función de autoridad,B Ignorarlas siempre,C Obedecer cualquier orden sin discernimiento,D Considerarlas divinas,A,Reconocer su función de autoridad,El pasaje plantea una postura de reconocimiento de la autoridad civil dentro del orden social.,Revisar,No,No
QB0994,NT,Romanos,Romanos 14:4,Avanzado,¿Qué principio usa Pablo para limitar el juicio entre creyentes en asuntos discutibles?,A Cada siervo responde ante su propio Señor,B Todos deben pensar igual en todo,C El más fuerte siempre tiene razón,D Solo los líderes pueden decidir,A,Cada siervo responde ante su propio Señor,Pablo recuerda que el juicio final sobre el siervo pertenece a su Señor y no a otro creyente.,Revisar,No,No
QB0995,NT,Romanos,Romanos 14:19,Intermedio,¿Qué debe buscar la comunidad en asuntos discutibles?,A Lo que promueve paz y edificación mutua,B Ganar debates,C Imponer costumbres,D Separarse,A,Lo que promueve paz y edificación mutua,El criterio práctico es fortalecer la comunidad y preservar la paz.,Revisar,No,No
QB0996,NT,Romanos,Romanos 15:1,Intermedio,¿Qué responsabilidad atribuye Pablo a quienes se consideran fuertes?,A Ayudar a llevar las debilidades de otros,B Buscar privilegios,C Evitar a los débiles,D Exigir obediencia,A,Ayudar a llevar las debilidades de otros,La madurez se mide por la capacidad de apoyar y no simplemente agradarse a uno mismo.,Revisar,No,No
QB0997,NT,Romanos,Romanos 15:20,Experto,¿Qué principio misionero describe Pablo respecto al lugar donde anunciaba el evangelio?,A Procuraba trabajar donde Cristo aún no había sido anunciado,B Prefería lugares ya establecidos,C Solo predicaba en Jerusalén,D Evitaba a los gentiles,A,Procuraba trabajar donde Cristo aún no había sido anunciado,Pablo explica su deseo de extender el mensaje a lugares donde todavía no se había establecido una comunidad cristiana.,Revisar,No,No
QB0998,NT,Romanos,Romanos 16:17,Intermedio,¿Qué consejo da Pablo respecto a quienes provocan divisiones contrarias a la enseñanza recibida?,A Estar atentos y apartarse de su influencia,B Darles autoridad,C Ignorar el problema,D Nombrarlos líderes,A,Estar atentos y apartarse de su influencia,Pablo protege la unidad de la comunidad frente a influencias divisivas.,Revisar,No,No
QB0999,NT,Romanos,Romanos 16:20,Intermedio,¿Qué esperanza expresa Pablo respecto al Dios de paz y Satanás?,A Dios dará una victoria decisiva sobre Satanás,B Satanás reinará para siempre,C No habrá conflicto,D Todo depende del esfuerzo humano,A,Dios dará una victoria decisiva sobre Satanás,El cierre expresa confianza en una victoria futura bajo la acción de Dios.,Revisar,No,No
QB1000,NT,Romanos,Romanos 16:27,Basico,¿A quién dirige Pablo la gloria al final de la carta?,A A Dios,B A César,C A Abraham,D A Moisés,A,A Dios,La doxología final atribuye gloria a Dios por medio de Jesucristo.,Revisar,No,No
